title    ,image      ,price           
Сотовый телефон Xiaomi Mi 11 Lite 5G 8/128GB черный
https://www.kivano.kg//images/product/92416/1635945551_75038600.jpg
23590 сом
Сотовый телефон Xiaomi Redmi 10A 3/64GB серый
https://www.kivano.kg//images/product/107526/1655262496_92690500.jpg
9550 сом
Сотовый телефон Xiaomi Redmi Note 11 6/128GB синий
https://www.kivano.kg//images/product/103434/1645002019_77390500.png
17360 сом
Сотовый телефон Apple iPhone 13 128GB зеленый
https://www.kivano.kg//images/product/105482/1650357323_84906500.png
64830 сом
Сотовый телефон Xiaomi 12X 8/128GB голубой
https://www.kivano.kg//images/product/107274/1654619545_31822900.jpg
43580 сом
Сотовый телефон Samsung Galaxy A03s 2/32GB черный
https://www.kivano.kg//images/product/109066/1658515264_83337500.jpg
10630 сом
Сотовый телефон Xiaomi Redmi 9C 4/128GB серый
https://www.kivano.kg//images/product/95755/1627654600_03946800.jpg
10900 сом
Сотовый телефон Xiaomi Redmi Note 11 6/128GB голубой
https://www.kivano.kg//images/product/103435/1645002057_84343700.jpg
17360 сом
Сотовый телефон Xiaomi 12 8/256GB голубой
https://www.kivano.kg//images/product/105227/1649418971_59438400.jpg
47600 сом
Сотовый телефон Apple iPhone 13 256GB зеленый
https://www.kivano.kg//images/product/105483/1650357352_25448500.png
77510 сом
Сотовый телефон Xiaomi Redmi 10A 2/32GB черный
https://www.kivano.kg//images/product/108299/1656851875_65254900.jpg
8750 сом
Сотовый телефон Samsung Galaxy A03s 2/32GB синий
https://www.kivano.kg//images/product/109067/1658515281_67990100.jpg
10630 сом
Сотовый телефон Samsung Galaxy Note 20 Ultra 5G 12/256GB белый
https://www.kivano.kg//images/product/95756/1627808224_15778300.jpg
73790 сом
Сотовый телефон Xiaomi Redmi 10 4/128GB серый
https://www.kivano.kg//images/product/97292/1630854310_48805900.jpg
13310 сом
Сотовый телефон Samsung Galaxy A13 4G 4/128GB белый
https://www.kivano.kg//images/product/105484/1650357974_27932300.jpg
14140 сом
Сотовый телефон Apple iPhone 12 128GB черный
https://www.kivano.kg//images/product/85005/1643526274_78712300.png
59380 сом
Сотовый телефон Samsung Galaxy Note 20 Ultra 5G 12/256GB черный
https://www.kivano.kg//images/product/95757/1627808275_13416200.jpg
73790 сом
Сотовый телефон Samsung Galaxy A13 4G 4/128GB персиковый
https://www.kivano.kg//images/product/105485/1650358086_11066600.jpg
14140 сом
Сотовый телефон Samsung Galaxy Note 20 Ultra 5G 12/256GB бронзовый
https://www.kivano.kg//images/product/95758/1627808340_15191000.jpg
73790 сом
Сотовый телефон Xiaomi 12 Pro 12/256GB голубой
https://www.kivano.kg//images/product/105230/1649420104_56081500.jpg
58880 сом
Сотовый телефон Samsung Galaxy A13 4G 4/128GB голубой
https://www.kivano.kg//images/product/105486/1650358323_75303600.jpg
14140 сом
Сотовый телефон Xiaomi 12 Pro 12/256GB серый
https://www.kivano.kg//images/product/105231/1649420344_67821700.jpg
58880 сом
Сотовый телефон Xiaomi 12 Lite 6/128GB черный
https://www.kivano.kg//images/product/109071/1658516810_62408600.jpg
29560 сом
Сотовый телефон Xiaomi 12 Pro 12/256GB фиолетовый
https://www.kivano.kg//images/product/105232/1649420536_95159600.jpg
58880 сом
Сотовый телефон Xiaomi Redmi 10 6/128GB синий
https://www.kivano.kg//images/product/105488/1650359511_03277700.jpg
14640 сом
Сотовый телефон Xiaomi 12 Lite 6/128GB зеленый
https://www.kivano.kg//images/product/109072/1658516838_91747800.jpg
29560 сом
Сотовый телефон Apple iPhone 12 128GB красный
https://www.kivano.kg//images/product/85009/1643526318_80444300.png
59380 сом
Сотовый телефон Xiaomi 12 Lite 6/128GB розовый
https://www.kivano.kg//images/product/109073/1658516849_62016100.jpg
29560 сом
Сотовый телефон Xiaomi Redmi Note 11 Pro 4G 6/64GB серый
https://www.kivano.kg//images/product/105234/1649421144_46769300.jpg
18400 сом
Сотовый телефон Xiaomi Redmi 10A 3/64GB черный
https://www.kivano.kg//images/product/109074/1658517593_39497600.jpg
9550 сом
Сотовый телефон Xiaomi Poco M5 6/128GB желтый
https://www.kivano.kg//images/product/114706/1670170580_42110600.jpg
14140 сом
Сотовый телефон Xiaomi Redmi 10A 3/64GB синий
https://www.kivano.kg//images/product/109075/1658517610_56121800.jpg
9550 сом
Сотовый телефон Apple iPhone 12 128GB синий
https://www.kivano.kg//images/product/85012/1643526361_96879600.png
59380 сом
Сотовый телефон Xiaomi Redmi 10C 4/64GB синий
https://www.kivano.kg//images/product/105236/1649421688_26701400.jpg
10810 сом
Сотовый телефон Xiaomi Poco X5 6/128GB зеленый
https://www.kivano.kg//images/product/117524/1676785345_55533000.jpg
20990 сом
Сотовый телефон Apple iPhone 12 128GB зеленый
https://www.kivano.kg//images/product/85013/1643526404_67562500.png
59380 сом
Сотовый телефон Xiaomi Poco X5 6/128GB голубой
https://www.kivano.kg//images/product/117525/1676785408_50073500.jpg
20990 сом
Сотовый телефон Apple iPhone 12 128GB белый
https://www.kivano.kg//images/product/85014/1643526452_17028900.png
59380 сом
Сотовый телефон Samsung Galaxy A13 (SM-A137) 4/64GB голубой
https://www.kivano.kg//images/product/115990/1673514385_69224500.jpg
13490 сом
Сотовый телефон Xiaomi Poco X5 6/128GB черный
https://www.kivano.kg//images/product/117526/1676785483_05015800.jpg
20990 сом
Сотовый телефон Samsung Galaxy A13 4G 4/128GB черный
https://www.kivano.kg//images/product/105240/1649532350_74060700.jpg
14140 сом
Сотовый телефон Xiaomi Redmi 10C 4/64GB серый
https://www.kivano.kg//images/product/105498/1650368060_68248100.jpg
10810 сом
Сотовый телефон Nokia 230 Dual Sim белый
https://www.kivano.kg//images/product/42779/42779.jpg
5360 сом
Сотовый телефон Xiaomi Poco F4 GT 5G 12/256GB черный
https://www.kivano.kg//images/product/109083/1658720563_38249000.jpg
42190 сом
Сотовый телефон Xiaomi Poco F4 GT 5G 12/256GB серебристый
https://www.kivano.kg//images/product/109084/1658720577_21437100.jpg
43580 сом
Сотовый телефон Xiaomi Poco F4 5G 8/256GB серебристый
https://www.kivano.kg//images/product/109852/1661083331_27930000.jpg
32630 сом
Сотовый телефон Xiaomi Poco X4 Pro 6/128GB желтый
https://www.kivano.kg//images/product/104221/1647731817_78940100.jpg
23960 сом
Сотовый телефон Xiaomi Poco F4 GT 5G 12/256GB желтый
https://www.kivano.kg//images/product/109085/1658720591_14836600.jpg
43580 сом
Сотовый телефон Xiaomi Poco F4 5G 8/256GB зеленый
https://www.kivano.kg//images/product/109853/1661083479_16875100.jpg
32630 сом
Сотовый телефон Xiaomi Poco F4 GT 5G 8/128GB черный
https://www.kivano.kg//images/product/114973/1670677926_35709100.jpg
34290 сом
Сотовый телефон Xiaomi Mi 11 Lite 5G 8/128GB желтый
https://www.kivano.kg//images/product/99874/1635944193_80208000.jpg
23590 сом
Сотовый телефон Xiaomi Mi 11 Lite 5G 8/128GB мятный
https://www.kivano.kg//images/product/99875/1635943676_15629500.jpg
23590 сом
Сотовый телефон Xiaomi Redmi A1 Plus 2/32 зеленый
https://www.kivano.kg//images/product/113445/1667905147_64028800.jpg
7320 сом
Сотовый телефон Xiaomi Redmi Note 11S 6/128GB синий
https://www.kivano.kg//images/product/103211/1647068431_46332300.jpg
16450 сом
Сотовый телефон Apple iPhone 13 Pro 256GB зеленый
https://www.kivano.kg//images/product/104491/1647674899_77661000.png
105460 сом
Сотовый телефон Xiaomi Redmi Note 11S 6/128GB серый
https://www.kivano.kg//images/product/103212/1647068464_47045900.jpg
16450 сом
Сотовый телефон Xiaomi 12X 8/128GB серый
https://www.kivano.kg//images/product/104492/1647675688_56541800.jpg
43580 сом
Сотовый телефон Xiaomi Poco M3 Pro 5G 4/64GB желтый
https://www.kivano.kg//images/product/95021/1625596396_19133600.jpg
13310 сом
Сотовый телефон Xiaomi Redmi Note 11S 6/64GB серый
https://www.kivano.kg//images/product/103213/1644315300_18447500.jpg
17770 сом
Сотовый телефон Samsung Galaxy S23 8/128GB черный
https://www.kivano.kg//images/product/117293/1676332819_65270900.jpg
71170 сом
Сотовый телефон Xiaomi Poco M3 Pro 5G 4/64GB синий
https://www.kivano.kg//images/product/95022/1625596457_51859000.jpg
13310 сом
Сотовый телефон Samsung Galaxy S23 Plus 8/256GB лавандовый
https://www.kivano.kg//images/product/117294/1676333574_83587900.jpg
78420 сом
Сотовый телефон Samsung Galaxy S23 Ultra 12/256GB черный
https://www.kivano.kg//images/product/117295/1676334881_73479700.jpg
96350 сом
Сотовый телефон Samsung Galaxy S23 Ultra 12/256GB лавандовый
https://www.kivano.kg//images/product/117296/1676334902_76114000.jpg
96350 сом
Сотовый телефон Xiaomi Redmi Note 11S 8/128GB серый
https://www.kivano.kg//images/product/103730/1647067810_26792000.jpg
17170 сом
Сотовый телефон Xiaomi Mi 11 Lite 5G 8/256GB желтый
https://www.kivano.kg//images/product/99891/1676356135_19423300.jpg
28350 сом
Сотовый телефон Xiaomi Redmi Note 11S 8/128GB белый
https://www.kivano.kg//images/product/103731/1645887958_79387100.jpg
17170 сом
Сотовый телефон Xiaomi Redmi Note 11S 8/128GB синий
https://www.kivano.kg//images/product/103732/1647067786_23073500.jpg
17170 сом
Сотовый телефон Xiaomi Redmi Note 11 4/64GB серый
https://www.kivano.kg//images/product/102965/1643478422_63941400.jpg
13770 сом
Сотовый телефон Xiaomi Redmi Note 11 Pro 4G 8/128GB серый
https://www.kivano.kg//images/product/103733/1645892206_15016100.jpg
22590 сом
Сотовый телефон Xiaomi Redmi Note 11 4/64GB голубой
https://www.kivano.kg//images/product/102966/1647097832_69777400.jpg
13770 сом
Сотовый телефон Xiaomi Redmi Note 11 Pro 4G 8/128GB белый
https://www.kivano.kg//images/product/103734/1645892235_58946500.jpg
22590 сом
Сотовый телефон Xiaomi Redmi Note 11 4/64GB синий
https://www.kivano.kg//images/product/102967/1644472868_27682200.png
13770 сом
Сотовый телефон Xiaomi Redmi Note 11 Pro 4G 8/128GB голубой
https://www.kivano.kg//images/product/103735/1645892274_42897700.jpg
22590 сом
Сотовый телефон Xiaomi Redmi Note 11 4/128GB серый
https://www.kivano.kg//images/product/102968/1643478748_98003500.jpg
15540 сом
Сотовый телефон Xiaomi Redmi Note 11 4/128GB синий
https://www.kivano.kg//images/product/102969/1643478762_66145700.jpg
15540 сом
Сотовый телефон Xiaomi Redmi Note 11 4/128GB голубой
https://www.kivano.kg//images/product/102970/1646635011_63343100.jpg
15540 сом
Сотовый телефон Xiaomi Redmi Note 11 Pro Plus 5G 8/256GB черный
https://www.kivano.kg//images/product/117307/1676354136_85420400.jpg
28350 сом
Сотовый телефон Xiaomi Redmi Note 11 Pro Plus 5G 8/256GB голубой
https://www.kivano.kg//images/product/117308/1676354354_67096800.jpg
28350 сом
Сотовый телефон Xiaomi Redmi 9A 2/32GB голубой
https://www.kivano.kg//images/product/81981/1595752806_94536000.jpg
8130 сом
Сотовый телефон Samsung Galaxy A03 3/32GB черный
https://www.kivano.kg//images/product/103742/1645913771_05954500.jpg
10190 сом
Сотовый телефон Samsung Galaxy A03 3/32GB синий
https://www.kivano.kg//images/product/103743/1645913869_12021300.jpg
10190 сом
Сотовый телефон Samsung Galaxy A73 5G 8/128GB серый
https://www.kivano.kg//images/product/107071/1653798204_78028800.jpg
33580 сом
Сотовый телефон Samsung Galaxy A03 3/32GB красный
https://www.kivano.kg//images/product/103744/1645913966_49066000.jpg
10190 сом
Сотовый телефон Xiaomi Poco X4 Pro 6/128GB черный
https://www.kivano.kg//images/product/104512/1647723211_84598600.jpg
23960 сом
Сотовый телефон Samsung Galaxy A73 5G 8/128GB мятный
https://www.kivano.kg//images/product/107072/1653798236_82254000.jpg
33580 сом
Сотовый телефон Xiaomi Poco X4 Pro 6/128GB синий
https://www.kivano.kg//images/product/104513/1647732062_04600100.jpg
23960 сом
Сотовый телефон Samsung Galaxy A73 5G 8/128GB белый
https://www.kivano.kg//images/product/107073/1653798260_61509500.jpg
33580 сом
Сотовый телефон Xiaomi Poco F4 GT 5G 8/128GB серебристый
https://www.kivano.kg//images/product/117313/1676357397_60698300.jpg
34290 сом
Сотовый телефон Xiaomi Poco X4 Pro 8/256 синий
https://www.kivano.kg//images/product/104514/1647732278_60639400.jpg
27160 сом
Сотовый телефон Xiaomi Poco F4 GT 5G 8/128GB желтый
https://www.kivano.kg//images/product/117314/1676357400_74701500.jpg
34290 сом
Сотовый телефон Xiaomi Poco X4 Pro 8/256 желтый
https://www.kivano.kg//images/product/104515/1647732390_08051000.jpg
27160 сом
Сотовый телефон Xiaomi Poco X4 Pro 8/256 черный
https://www.kivano.kg//images/product/104516/1647732556_13519100.jpg
27160 сом
Сотовый телефон Oppo A12 3/32GB черный
https://www.kivano.kg//images/product/88645/1612701244_62722900.jpg
6960 сом
Сотовый телефон Xiaomi Redmi 9C 4/128GB зеленый
https://www.kivano.kg//images/product/102469/1642071660_13975400.jpg
10900 сом
Сотовый телефон Apple iPhone 14 Pro Max 1TB космический черный
https://www.kivano.kg//images/product/111173/1667071163_70803900.jpg
158160 сом
Сотовый телефон Honor 10X Lite 4/128GB полночный черный
https://www.kivano.kg//images/product/93510/1622748563_91751500.jpg
16590 сом
Сотовый телефон Apple iPhone 14 Pro Max 1TB серебристый
https://www.kivano.kg//images/product/111174/1667071276_10960400.jpg
154500 сом
Сотовый телефон Honor 10X Lite 4/128GB изумрудно-зеленый
https://www.kivano.kg//images/product/93511/1622748618_14672000.jpg
16590 сом
Сотовый телефон Xiaomi Redmi Note 10S 8/128GB черный
https://www.kivano.kg//images/product/95303/1626169302_51333000.jpg
16620 сом
Сотовый телефон Honor 10X Lite 4/128GB ледяной белый
https://www.kivano.kg//images/product/93512/1622749002_48731700.jpg
16590 сом
Сотовый телефон Samsung Galaxy A23 4/64GB голубой
https://www.kivano.kg//images/product/105289/1649749218_11605000.jpg
16070 сом
Сотовый телефон Xiaomi Poco X4 GT 5G 8/128GB черный
https://www.kivano.kg//images/product/114505/1669627189_26648900.jpg
26340 сом
Сотовый телефон Samsung Galaxy A23 4/64GB персиковый
https://www.kivano.kg//images/product/105290/1649749259_77093200.jpg
16070 сом
Сотовый телефон Samsung Galaxy A23 4/64GB белый
https://www.kivano.kg//images/product/105291/1649749329_43767500.jpg
16070 сом
Сотовый телефон Samsung Galaxy A23 4/64GB черный
https://www.kivano.kg//images/product/105292/1649749368_86203000.jpg
16070 сом
Сотовый телефон Samsung A04e 3/64GB черный
https://www.kivano.kg//images/product/115276/1671509712_46128700.jpg
9290 сом
Сотовый телефон Samsung Galaxy S22 8/128GB черный
https://www.kivano.kg//images/product/105293/1649752086_95407900.jpg
54840 сом
Сотовый телефон Samsung A04e 3/64GB голубой
https://www.kivano.kg//images/product/115277/1671509715_27486800.jpg
9290 сом
Сотовый телефон Samsung Galaxy S22 8/128GB белый
https://www.kivano.kg//images/product/105294/1649752235_95589400.jpg
54840 сом
Сотовый телефон Apple iPhone 14 Plus 128GB сияющая звезда
https://www.kivano.kg//images/product/112974/1667069177_83440800.jpg
81170 сом
Сотовый телефон Samsung A04e 3/64GB медный
https://www.kivano.kg//images/product/115278/1671509720_02356400.jpg
9290 сом
Сотовый телефон Xiaomi 12X 8/256GB голубой
https://www.kivano.kg//images/product/104271/1647325756_04816700.jpg
47510 сом
Сотовый телефон Samsung Galaxy S22 8/128GB розовый
https://www.kivano.kg//images/product/105295/1649753441_00343800.jpg
54840 сом
Сотовый телефон Apple iPhone 14 Plus 128GB красный
https://www.kivano.kg//images/product/112975/1667069193_33978200.jpg
81170 сом
Сотовый телефон Xiaomi Poco M5 4/128GB желтый
https://www.kivano.kg//images/product/115279/1677296629_62707300.jpg
13220 сом
Сотовый телефон Itel A48 2/32GB зеленый
https://www.kivano.kg//images/product/104272/1647329030_31470000.jpg
5890 сом
Сотовый телефон Samsung Galaxy S22 8/128GB зеленый
https://www.kivano.kg//images/product/105296/1649753870_42409800.jpg
54840 сом
Сотовый телефон Apple iPhone 14 Plus 256GB фиолетовый
https://www.kivano.kg//images/product/112976/1667069679_17083300.jpg
89310 сом
Сотовый телефон Xiaomi Poco M5 4/128GB зеленый
https://www.kivano.kg//images/product/115280/1671510552_67112300.jpg
13220 сом
Сотовый телефон Itel A48 2/32GB черный
https://www.kivano.kg//images/product/104273/1647329046_59522700.jpg
5890 сом
Сотовый телефон Samsung Galaxy S22 8/128GB серый
https://www.kivano.kg//images/product/105297/1649754043_99416300.jpg
54840 сом
Сотовый телефон Xiaomi Redmi A1 Plus 2/32 черный
https://www.kivano.kg//images/product/111953/1665140516_39342400.jpg
7320 сом
Сотовый телефон Apple iPhone 14 Plus 256GB сияющая звезда
https://www.kivano.kg//images/product/112977/1667069774_95840800.jpg
89310 сом
Сотовый телефон Samsung A04e 3/32GB черный
https://www.kivano.kg//images/product/115281/1671517415_62744800.jpg
9380 сом
Сотовый телефон Itel Vision 1 Pro 2/32GB черный
https://www.kivano.kg//images/product/104274/1647330050_96188500.jpg
6350 сом
Сотовый телефон Samsung Galaxy S22 8/128GB голубой
https://www.kivano.kg//images/product/105298/1649754174_37540500.jpg
54840 сом
Сотовый телефон Samsung Galaxy A33 5G 6/128GB черный
https://www.kivano.kg//images/product/106578/1652691752_34677700.jpg
22770 сом
Сотовый телефон Xiaomi Redmi A1 Plus 2/32 голубой
https://www.kivano.kg//images/product/111954/1665140628_84348900.jpg
7320 сом
Сотовый телефон Apple iPhone 14 Plus 256GB голубой
https://www.kivano.kg//images/product/112978/1667069873_64341600.jpg
89310 сом
Сотовый телефон Samsung Galaxy S22 8/128GB фиолетовый
https://www.kivano.kg//images/product/105299/1649754295_98434800.jpg
54840 сом
Сотовый телефон Samsung Galaxy A33 5G 6/128GB голубой
https://www.kivano.kg//images/product/106579/1652691866_03439300.jpg
22770 сом
Сотовый телефон Apple iPhone 14 Plus 256GB красный
https://www.kivano.kg//images/product/112979/1667069975_61809600.jpg
89310 сом
Сотовый телефон Samsung Galaxy S22 8/128GB бежевый
https://www.kivano.kg//images/product/105300/1649754473_41211500.jpg
54840 сом
Сотовый телефон Samsung Galaxy A33 5G 6/128GB персиковый
https://www.kivano.kg//images/product/106580/1652691995_19543500.jpg
22770 сом
Сотовый телефон Samsung Galaxy A53 5G 6/128GB черный
https://www.kivano.kg//images/product/105301/1649760257_29490300.jpg
29020 сом
Сотовый телефон Samsung Galaxy A33 5G 6/128GB белый
https://www.kivano.kg//images/product/106581/1652692112_53592600.jpg
22770 сом
Сотовый телефон Xiaomi 12T 8/128GB черный
https://www.kivano.kg//images/product/111957/1665144497_27894700.jpg
34920 сом
Сотовый телефон Xiaomi Poco X5 8/256GB зеленый
https://www.kivano.kg//images/product/117333/1676418320_26553500.jpg
22950 сом
Сотовый телефон Samsung Galaxy A53 5G 6/128GB белый
https://www.kivano.kg//images/product/105302/1649760394_16626600.jpg
29020 сом
Сотовый телефон Xiaomi 12T 8/128GB голубой
https://www.kivano.kg//images/product/111958/1665144514_76168200.jpg
34480 сом
Сотовый телефон Xiaomi Poco X5 8/256GB голубой
https://www.kivano.kg//images/product/117334/1676418461_04176200.jpg
22950 сом
Сотовый телефон Samsung Galaxy A53 5G 6/128GB персиковый
https://www.kivano.kg//images/product/105303/1649760623_66398000.jpg
29020 сом
Сотовый телефон Xiaomi 12T 8/256GB черный
https://www.kivano.kg//images/product/111959/1665144844_02032800.jpg
36910 сом
Сотовый телефон Samsung Galaxy A04 4/64GB черный
https://www.kivano.kg//images/product/112983/1667077607_60071300.jpg
9640 сом
Сотовый телефон Xiaomi Poco X5 8/256GB черный
https://www.kivano.kg//images/product/117335/1676418551_10680300.jpg
22950 сом
Сотовый телефон Samsung Galaxy A53 5G 6/128GB голубой
https://www.kivano.kg//images/product/105304/1649760852_08627000.jpg
29020 сом
Сотовый телефон Xiaomi 12T 8/256GB голубой
https://www.kivano.kg//images/product/111960/1665144967_82473500.jpg
36550 сом
Сотовый телефон Samsung Galaxy A04 4/64GB белый
https://www.kivano.kg//images/product/112984/1667077845_67471400.jpg
9640 сом
Сотовый телефон Xiaomi Poco X5 Pro 8/256GB желтый
https://www.kivano.kg//images/product/117336/1676419363_76457200.jpg
28250 сом
Сотовый телефон Samsung Galaxy A53 5G 8/128GB черный
https://www.kivano.kg//images/product/105305/1649761049_10768900.jpg
28250 сом
Сотовый телефон Xiaomi 12T Pro 8/256GB черный
https://www.kivano.kg//images/product/111961/1665146065_57260800.jpg
47420 сом
Сотовый телефон Samsung Galaxy A04 4/64GB зеленый
https://www.kivano.kg//images/product/112985/1667077850_81511100.jpg
9640 сом
Сотовый телефон Xiaomi Poco X5 Pro 8/256GB голубой
https://www.kivano.kg//images/product/117337/1676419462_51727600.jpg
28250 сом
Сотовый телефон Honor 9C 4/64GB голубой
https://www.kivano.kg//images/product/84826/1602184323_92792200.jpg
14390 сом
Сотовый телефон Samsung Galaxy A53 5G 8/128GB белый
https://www.kivano.kg//images/product/105306/1649761180_54346900.jpg
28250 сом
Сотовый телефон Xiaomi 12T Pro 8/256GB голубой
https://www.kivano.kg//images/product/111962/1665146166_33421300.jpg
47420 сом
Сотовый телефон Samsung Galaxy A04 4/64GB медный
https://www.kivano.kg//images/product/112986/1667077855_49828600.jpg
9640 сом
Сотовый телефон Xiaomi Poco X5 Pro 8/256GB черный
https://www.kivano.kg//images/product/117338/1676419540_88307400.jpg
28250 сом
Сотовый телефон Honor 9C 4/64GB черный
https://www.kivano.kg//images/product/84827/1602184383_76638300.jpg
14390 сом
Сотовый телефон Apple iPhone 13 mini 256GB сияющая звезда
https://www.kivano.kg//images/product/97883/1631799548_94053300.jpg
59830 сом
Сотовый телефон Samsung Galaxy A53 5G 8/128GB персиковый
https://www.kivano.kg//images/product/105307/1649761387_15221700.jpg
28250 сом
Сотовый телефон Samsung Galaxy A04s 4/64GB черный
https://www.kivano.kg//images/product/112987/1667078708_09449600.jpg
11270 сом
Сотовый телефон Samsung Galaxy A53 5G 8/128GB голубой
https://www.kivano.kg//images/product/105308/1649761535_61343300.jpg
28250 сом
Сотовый телефон Samsung Galaxy A13 (SM-A137) 4/64GB черный
https://www.kivano.kg//images/product/111964/1665148664_90143300.jpg
13310 сом
Сотовый телефон Samsung Galaxy A04s 4/64GB белый
https://www.kivano.kg//images/product/112988/1667078711_58657400.jpg
11270 сом
Сотовый телефон Samsung Galaxy A04s 4/64GB зеленый
https://www.kivano.kg//images/product/112989/1667078714_93759800.jpg
11270 сом
Сотовый телефон Apple iPhone 13 mini 256GB розовый
https://www.kivano.kg//images/product/97886/1631799976_74391100.jpg
59830 сом
Сотовый телефон Samsung Galaxy A04s 4/64GB медный
https://www.kivano.kg//images/product/112990/1667078719_97190500.jpg
11270 сом
Сотовый телефон Apple iPhone 13 Pro 128GB зеленый
https://www.kivano.kg//images/product/104799/1648276603_98820600.png
96350 сом
Сотовый телефон Xiaomi Redmi 10 2022 6/128GB голубой
https://www.kivano.kg//images/product/109151/1658828496_75707400.jpg
14640 сом
Сотовый телефон Samsung Galaxy A04s 4/128GB черный
https://www.kivano.kg//images/product/112991/1667078809_64921800.jpg
12950 сом
Сотовый телефон Apple iPhone 13 Pro Max 128GB зеленый
https://www.kivano.kg//images/product/104800/1648277074_04112200.png
101810 сом
Сотовый телефон Xiaomi Redmi 10 2022 6/128GB белый
https://www.kivano.kg//images/product/109152/1658828510_13282400.jpg
14640 сом
Сотовый телефон Samsung Galaxy A04s 4/128GB белый
https://www.kivano.kg//images/product/112992/1667079728_21774400.jpg
12950 сом
Сотовый телефон Apple iPhone 13 mini 256GB синий
https://www.kivano.kg//images/product/97889/1631800332_30825900.jpg
59830 сом
Сотовый телефон Samsung Galaxy A04s 4/128GB зеленый
https://www.kivano.kg//images/product/112993/1667079731_69110300.jpg
12950 сом
Сотовый телефон Samsung Galaxy A04s 4/128GB медный
https://www.kivano.kg//images/product/112994/1667079735_75656600.jpg
12950 сом
Сотовый телефон Xiaomi Redmi 10C 4/128GB серый
https://www.kivano.kg//images/product/104803/1648310638_87270900.jpg
12140 сом
Сотовый телефон Apple iPhone 13 mini 256GB полуночный
https://www.kivano.kg//images/product/97892/1631800739_86520800.jpg
59830 сом
Сотовый телефон Xiaomi Redmi 10C 4/128GB синий
https://www.kivano.kg//images/product/104804/1648310652_05982100.jpg
12140 сом
Сотовый телефон Xiaomi Redmi 10 2022 4/64GB белый
https://www.kivano.kg//images/product/106852/1653144868_10213800.jpg
12680 сом
Сотовый телефон Xiaomi Redmi 12C 4/128GB серый
https://www.kivano.kg//images/product/117860/1677350336_38171500.jpg
12320 сом
Сотовый телефон Xiaomi Redmi 10C 4/128GB зеленый
https://www.kivano.kg//images/product/104805/1648310666_54418900.jpg
12140 сом
Сотовый телефон Xiaomi Redmi 10 2022 4/128GB белый
https://www.kivano.kg//images/product/106853/1653145141_11530400.jpg
13680 сом
Сотовый телефон Xiaomi Redmi 12C 4/128GB мятный
https://www.kivano.kg//images/product/117861/1677350436_03747700.jpg
12320 сом
Сотовый телефон Xiaomi Redmi 10 2022 4/128GB голубой
https://www.kivano.kg//images/product/106854/1653145152_17687600.jpg
13680 сом
Сотовый телефон Xiaomi 13 Lite 8/256GB черный
https://www.kivano.kg//images/product/117862/1677353076_00357400.jpg
32630 сом
Сотовый телефон Apple iPhone 13 mini 256GB красный
https://www.kivano.kg//images/product/97895/1631801063_39344500.jpg
59830 сом
Сотовый телефон Xiaomi 12 8/256GB серый
https://www.kivano.kg//images/product/106855/1653146670_82874800.jpg
47600 сом
Сотовый телефон Xiaomi 13 Lite 8/128GB черный
https://www.kivano.kg//images/product/117863/1677353194_46094100.jpg
30360 сом
Сотовый телефон Xiaomi 12 8/256GB фиолетовый
https://www.kivano.kg//images/product/106856/1653146707_49934400.jpg
47600 сом
Сотовый телефон Xiaomi 13 Lite 8/128GB голубой
https://www.kivano.kg//images/product/117864/1677353296_07643600.jpg
30360 сом
Сотовый телефон Apple iPhone 13 128GB красный
https://www.kivano.kg//images/product/97897/1631808085_26488000.jpg
64830 сом
Сотовый телефон Xiaomi 12 8/256GB зеленый
https://www.kivano.kg//images/product/106857/1653146808_23102000.jpg
47600 сом
Сотовый телефон Xiaomi 13 Lite 8/128GB розовый
https://www.kivano.kg//images/product/117865/1677353398_23974100.jpg
30360 сом
Сотовый телефон Xiaomi Redmi Note 10S 6/64GB черный
https://www.kivano.kg//images/product/93290/1622501264_72553400.jpg
13770 сом
Сотовый телефон Apple iPhone 13 256GB красный
https://www.kivano.kg//images/product/97898/1631808163_19486100.jpg
77510 сом
Сотовый телефон Xiaomi Poco C40 3/32GB черный
https://www.kivano.kg//images/product/109162/1658830303_46090100.jpg
8660 сом
Сотовый телефон Xiaomi Redmi 9A 2/32GB зеленый
https://www.kivano.kg//images/product/82539/1597087470_22009200.jpg
8130 сом
Сотовый телефон Xiaomi Poco C40 3/32GB желтый
https://www.kivano.kg//images/product/109163/1658830346_69271300.jpg
8660 сом
Сотовый телефон Apple iPhone 13 128GB синий
https://www.kivano.kg//images/product/97900/1631808440_79057200.jpg
64830 сом
Сотовый телефон Xiaomi Redmi Note 11S 5G 6/128GB черный
https://www.kivano.kg//images/product/113772/1668356813_17959500.png
17590 сом
Сотовый телефон Apple iPhone 13 256GB синий
https://www.kivano.kg//images/product/97901/1631808460_05048700.jpg
77510 сом
Сотовый телефон Xiaomi Poco M5s 6/128GB серый
https://www.kivano.kg//images/product/113774/1668360931_73315000.jpg
15810 сом
Сотовый телефон Apple iPhone 13 128GB полуночный
https://www.kivano.kg//images/product/97903/1631808729_32480300.jpg
64830 сом
Сотовый телефон Xiaomi Poco F4 5G 8/256GB черный
https://www.kivano.kg//images/product/109167/1658831060_19712800.jpg
31080 сом
Сотовый телефон Xiaomi Poco M5s 6/128GB голубой
https://www.kivano.kg//images/product/113775/1668360981_19545600.jpg
15810 сом
Сотовый телефон Apple iPhone 13 256GB полуночный
https://www.kivano.kg//images/product/97904/1631808749_52759400.jpg
77510 сом
Сотовый телефон Apple iPhone 13 128GB сияющая звезда
https://www.kivano.kg//images/product/97906/1631809004_80505000.jpg
64830 сом
Сотовый телефон Apple iPhone 13 256GB сияющая звезда
https://www.kivano.kg//images/product/97907/1631809025_40225100.jpg
77510 сом
Сотовый телефон Apple iPhone 14 Plus 256GB полночный черный
https://www.kivano.kg//images/product/111987/1667069557_59609700.jpg
89310 сом
Сотовый телефон Apple iPhone 14 Plus 128GB полночный черный
https://www.kivano.kg//images/product/111988/1667068823_33963400.jpg
81170 сом
Сотовый телефон Apple iPhone 13 128GB розовый
https://www.kivano.kg//images/product/97909/1631809348_37875500.jpg
64830 сом
Сотовый телефон Apple iPhone 14 Plus 128GB голубой
https://www.kivano.kg//images/product/111989/1667068764_08398100.jpg
81170 сом
Сотовый телефон Apple iPhone 13 256GB розовый
https://www.kivano.kg//images/product/97910/1631809368_06181800.jpg
77510 сом
Сотовый телефон Samsung Galaxy S22 Ultra 12/256GB черный
https://www.kivano.kg//images/product/104822/1648319089_75835000.png
83870 сом
Сотовый телефон Samsung Galaxy S22 Ultra 12/256GB белый
https://www.kivano.kg//images/product/104823/1648319267_14637700.png
83870 сом
Сотовый телефон Apple iPhone 13 Pro 128GB графитовый
https://www.kivano.kg//images/product/97912/1631811672_04783000.jpg
96350 сом
Сотовый телефон Samsung Galaxy S22 Ultra 12/256GB фиолетовый
https://www.kivano.kg//images/product/104824/1648319379_27545800.png
83870 сом
Сотовый телефон Xiaomi 12 Lite 8/128GB черный
https://www.kivano.kg//images/product/108408/1657099394_89184600.jpg
30180 сом
Сотовый телефон Apple iPhone 13 Pro 256GB графитовый
https://www.kivano.kg//images/product/97913/1631811727_72990400.jpg
105460 сом
Сотовый телефон Samsung Galaxy S22 Ultra 12/256GB зеленый
https://www.kivano.kg//images/product/104825/1648319473_69430100.png
83870 сом
Сотовый телефон Xiaomi 12 Lite 8/128GB зеленый
https://www.kivano.kg//images/product/108409/1657099397_38474300.jpg
30180 сом
Сотовый телефон Samsung Galaxy S22 Ultra 12/256GB серый
https://www.kivano.kg//images/product/104826/1648319584_65168500.png
83870 сом
Сотовый телефон Xiaomi 12 Lite 8/128GB розовый
https://www.kivano.kg//images/product/108410/1657099399_63123100.jpg
30180 сом
Сотовый телефон Samsung Galaxy S22 Ultra 12/256GB красный
https://www.kivano.kg//images/product/104827/1648319672_36030400.png
83870 сом
Сотовый телефон Samsung Galaxy A13 4G 6/128GB черный
https://www.kivano.kg//images/product/116347/1674122714_30284100.jpg
15180 сом
Сотовый телефон Apple iPhone 13 Pro 128GB синий
https://www.kivano.kg//images/product/97916/1631812105_74700200.jpg
96350 сом
Сотовый телефон Samsung Galaxy S22 Ultra 12/256GB голубой
https://www.kivano.kg//images/product/104828/1648319758_15378800.png
83870 сом
Сотовый телефон Xiaomi 12 Lite 8/256GB черный
https://www.kivano.kg//images/product/108412/1657099701_04144200.jpg
31730 сом
Сотовый телефон Apple iPhone 13 Pro 256GB синий
https://www.kivano.kg//images/product/97917/1631812125_61155400.jpg
105460 сом
Сотовый телефон Xiaomi Redmi Note 11 Pro 4G 6/128GB серый
https://www.kivano.kg//images/product/104829/1648320022_56998600.jpg
21250 сом
Сотовый телефон Xiaomi 12 Lite 8/256GB зеленый
https://www.kivano.kg//images/product/108413/1657099715_34622000.jpg
31730 сом
Сотовый телефон Xiaomi Redmi 12C 3/64GB серый
https://www.kivano.kg//images/product/118141/1677918704_20745500.jpg
11370 сом
Сотовый телефон Xiaomi Redmi Note 11 Pro 5G 8/128GB синий
https://www.kivano.kg//images/product/104830/1648320266_68800700.jpg
25550 сом
Сотовый телефон Xiaomi 12 Lite 8/256GB розовый
https://www.kivano.kg//images/product/108414/1657099737_56234100.jpg
31730 сом
Сотовый телефон BQ BQ-2004 Ray черно-зеленый
https://www.kivano.kg//images/product/85887/1605092934_26047500.jpg
3040 сом
Сотовый телефон Samsung Galaxy A03 4/64GB черный
https://www.kivano.kg//images/product/104319/1647473798_95365200.jpg
11090 сом
Сотовый телефон Xiaomi 12X 8/256GB фиолетовый
https://www.kivano.kg//images/product/104831/1648320483_40571400.jpg
47510 сом
Сотовый телефон Apple iPhone 13 Pro 128GB золотой
https://www.kivano.kg//images/product/97920/1631812515_32549200.jpg
96350 сом
Сотовый телефон Samsung Galaxy A03 4/64GB синий
https://www.kivano.kg//images/product/104320/1647473810_33860900.jpg
11090 сом
Сотовый телефон Nokia 230 Dual Sim синий
https://www.kivano.kg//images/product/75393/1576673544_72059700.jpg
5360 сом
Сотовый телефон BQ BQ-2004 Ray черно-оранжевый
https://www.kivano.kg//images/product/85889/1605093053_06490400.jpg
3040 сом
Сотовый телефон Apple iPhone 13 Pro 256GB золотой
https://www.kivano.kg//images/product/97921/1631812534_01241800.jpg
105460 сом
Сотовый телефон Samsung Galaxy A03 4/64GB красный
https://www.kivano.kg//images/product/104321/1647473818_19677700.jpg
11090 сом
Сотовый телефон Xiaomi 11T Pro 8/256GB серый
https://www.kivano.kg//images/product/104833/1648321987_96090900.png
33930 сом
Сотовый телефон Xiaomi Redmi 9C 3/64GB серый
https://www.kivano.kg//images/product/83330/1598627217_62522600.jpg
9470 сом
Сотовый телефон BQ BQ-2004 Ray черный
https://www.kivano.kg//images/product/85890/1605093127_09908400.jpg
3040 сом
Сотовый телефон Xiaomi 11T Pro 8/256GB белый
https://www.kivano.kg//images/product/104834/1648322109_04391500.png
33930 сом
Сотовый телефон Xiaomi Redmi 9C 3/64GB синий
https://www.kivano.kg//images/product/83331/1598637451_49522700.jpg
9470 сом
Сотовый телефон Xiaomi 11T Pro 8/256GB голубой
https://www.kivano.kg//images/product/104835/1648322225_30619200.png
33930 сом
Сотовый телефон Apple iPhone 13 Pro 128GB серебристый
https://www.kivano.kg//images/product/97924/1631812897_18512100.jpg
96350 сом
Сотовый телефон Xiaomi Redmi Note 11 Pro 4G 6/128GB голубой
https://www.kivano.kg//images/product/104836/1648323196_75242800.jpg
21250 сом
Сотовый телефон Xiaomi Poco M5 4/64GB желтый
https://www.kivano.kg//images/product/111236/1663840027_89378900.jpg
13400 сом
Сотовый телефон Samsung Galaxy A03 3/64GB черный
https://www.kivano.kg//images/product/117892/1677487244_84129400.jpg
10190 сом
Сотовый телефон Apple iPhone 13 Pro 256GB серебристый
https://www.kivano.kg//images/product/97925/1631812919_12735000.jpg
105460 сом
Сотовый телефон Xiaomi Redmi Note 11 Pro 5G 8/128GB серый
https://www.kivano.kg//images/product/103557/1645524702_43748600.jpg
25550 сом
Сотовый телефон Xiaomi Poco M5 4/128GB черный
https://www.kivano.kg//images/product/111237/1663840034_78846000.jpg
13220 сом
Сотовый телефон Xiaomi Redmi Note 11 Pro 5G 8/128GB белый
https://www.kivano.kg//images/product/103558/1645524919_71634500.jpg
25550 сом
Сотовый телефон Xiaomi Redmi Note 11 Pro Plus 5G 8/256GB зеленый
https://www.kivano.kg//images/product/111238/1663841135_25649100.jpg
28350 сом
Сотовый телефон Samsung Galaxy A13 (SM-A137) 4/128GB голубой
https://www.kivano.kg//images/product/117638/1676988241_94966100.jpg
14240 сом
Сотовый телефон Xiaomi Redmi 9C 3/64GB оранжевый
https://www.kivano.kg//images/product/83335/1598706824_80451900.jpg
9470 сом
Сотовый телефон Samsung Galaxy A13 (SM-A137) 4/128GB белый
https://www.kivano.kg//images/product/117639/1676988386_02241600.jpg
14140 сом
Сотовый телефон Apple iPhone 13 Pro Max 128GB графитовый
https://www.kivano.kg//images/product/97928/1631814587_45720200.jpg
101810 сом
Сотовый телефон Xiaomi 12X 8/128GB фиолетовый
https://www.kivano.kg//images/product/103560/1645528032_46539500.jpg
43580 сом
Сотовый телефон Xiaomi 12X 8/256GB серый
https://www.kivano.kg//images/product/103561/1645528256_33738100.jpg
47510 сом
Сотовый телефон BQ BQ-2449 Hammer зеленый
https://www.kivano.kg//images/product/85898/1605094882_70653000.jpg
3390 сом
Сотовый телефон BQ BQ-2449 Hammer оранжевый
https://www.kivano.kg//images/product/85899/1605095006_20935400.jpg
3390 сом
Сотовый телефон BQ BQ-2449 Hammer черный
https://www.kivano.kg//images/product/85900/1605095180_19869000.jpg
3390 сом
Сотовый телефон Apple iPhone 13 Pro Max 128GB серебристый
https://www.kivano.kg//images/product/97932/1631815017_40412500.jpg
101810 сом
Сотовый телефон BQ BQ-3587 Disco Boom черный
https://www.kivano.kg//images/product/85901/1605098664_11167500.jpg
3210 сом
Сотовый телефон BQ BQ-3587 Disco Boom зеленый
https://www.kivano.kg//images/product/85902/1605098898_93582300.jpg
3210 сом
Сотовый телефон BQ BQ-3587 Disco Boom синий
https://www.kivano.kg//images/product/85903/1605099084_28044200.jpg
3210 сом
Сотовый телефон BQ BQ-3587 Disco Boom красный
https://www.kivano.kg//images/product/85904/1605099196_90993400.jpg
3210 сом
Сотовый телефон Apple iPhone 13 Pro Max 128GB золотой
https://www.kivano.kg//images/product/97936/1631815397_03257100.jpg
101810 сом
Сотовый телефон Samsung Galaxy A13 4G 4/64GB черный
https://www.kivano.kg//images/product/105106/1649051047_41500400.jpg
13310 сом
Сотовый телефон Samsung Galaxy A13 4G 4/64GB белый
https://www.kivano.kg//images/product/105107/1649051002_49715500.jpg
13310 сом
Сотовый телефон Apple iPhone 13 Pro Max 128GB синий
https://www.kivano.kg//images/product/97940/1631815790_23633000.jpg
101810 сом
Сотовый телефон Xiaomi 11 Lite 5G NE 8/128GB черный
https://www.kivano.kg//images/product/98452/1632738290_42255500.jpg
23420 сом
Сотовый телефон Samsung Galaxy A13 4G 4/64GB персиковый
https://www.kivano.kg//images/product/105108/1649050938_27167200.jpg
13310 сом
Сотовый телефон BQ BQ-2824 Tank T черный
https://www.kivano.kg//images/product/85909/1605103910_44521000.jpg
3390 сом
Сотовый телефон Samsung Galaxy A13 4G 4/64GB голубой
https://www.kivano.kg//images/product/105109/1649050882_84903300.jpg
13310 сом
Сотовый телефон BQ BQ-2824 Tank T синий камуфляж
https://www.kivano.kg//images/product/85910/1605104257_24904600.jpg
3390 сом
Сотовый телефон BQ BQ-2824 Tank T зеленый
https://www.kivano.kg//images/product/85911/1605104432_78438800.jpg
3390 сом
Сотовый телефон BQ BQ-2824 Tank T серый камуфляж
https://www.kivano.kg//images/product/85912/1605104535_51372100.jpg
3390 сом
Сотовый телефон Xiaomi 12T 8/128GB серебристый
https://www.kivano.kg//images/product/112025/1665399806_18672700.jpg
34480 сом
Сотовый телефон Xiaomi 12T Pro 8/256GB серебристый
https://www.kivano.kg//images/product/112027/1665400003_70814600.jpg
47420 сом
Сотовый телефон Xiaomi Redmi 9A 2/32GB серый гранит
https://www.kivano.kg//images/product/81820/1595752437_69165100.jpg
8130 сом
Сотовый телефон Xiaomi 12T Pro 12/256GB серебристый
https://www.kivano.kg//images/product/112796/1666849546_93704000.jpg
52340 сом
Сотовый телефон Xiaomi Mi 11 Lite 5G 8/256GB мятный
https://www.kivano.kg//images/product/101533/1639996346_77304200.jpg
28350 сом
Сотовый телефон Xiaomi Mi 11 Lite 5G 8/256GB черный
https://www.kivano.kg//images/product/101535/1639996705_72463500.jpg
28350 сом
Сотовый телефон Samsung Galaxy A23 4/128GB черный
https://www.kivano.kg//images/product/105119/1649052107_79765600.jpg
16900 сом
Сотовый телефон Samsung Galaxy A33 5G 8/128GB белый
https://www.kivano.kg//images/product/109471/1659794332_08091000.jpg
24320 сом
Сотовый телефон Samsung Galaxy A23 4/128GB белый
https://www.kivano.kg//images/product/105120/1649052175_58209600.jpg
16900 сом
Сотовый телефон Samsung Galaxy A33 5G 8/128GB персиковый
https://www.kivano.kg//images/product/109472/1659794452_56709800.jpg
24320 сом
Сотовый телефон Xiaomi Redmi 12C 4/128GB синий
https://www.kivano.kg//images/product/117920/1677566852_41855000.jpg
12320 сом
Сотовый телефон Samsung Galaxy A23 4/128GB персиковый
https://www.kivano.kg//images/product/105121/1649052208_08866000.jpg
16900 сом
Сотовый телефон Samsung Galaxy A33 5G 8/128GB голубой
https://www.kivano.kg//images/product/109473/1659794653_76895700.jpg
24320 сом
Сотовый телефон Samsung Galaxy A23 4/128GB голубой
https://www.kivano.kg//images/product/105122/1649052239_71344800.jpg
16900 сом
Сотовый телефон Samsung Galaxy A33 5G 8/128GB черный
https://www.kivano.kg//images/product/109474/1659794778_00552500.jpg
24320 сом
Сотовый телефон Xiaomi 13 Lite 8/256GB голубой
https://www.kivano.kg//images/product/117922/1677571851_39921000.jpg
32180 сом
Сотовый телефон Samsung Galaxy A23 6/128GB черный
https://www.kivano.kg//images/product/105123/1649052408_63529100.jpg
17770 сом
Сотовый телефон Xiaomi Poco M5 4/64GB черный
https://www.kivano.kg//images/product/113315/1667740770_40977600.jpg
13400 сом
Сотовый телефон Xiaomi 13 Lite 8/256GB розовый
https://www.kivano.kg//images/product/117923/1677571861_47951000.jpg
32180 сом
Сотовый телефон Samsung Galaxy A23 6/128GB белый
https://www.kivano.kg//images/product/105124/1649052559_53778800.jpg
17770 сом
Сотовый телефон Samsung Galaxy A23 6/128GB персиковый
https://www.kivano.kg//images/product/105125/1649052808_01852600.jpg
17770 сом
Сотовый телефон Samsung Galaxy A03 Core 2/32GB черный
https://www.kivano.kg//images/product/101542/1640059744_04453000.png
7860 сом
Сотовый телефон Oppo A12 3/32GB синий
https://www.kivano.kg//images/product/102566/1642476269_39039700.jpg
6960 сом
Сотовый телефон Samsung Galaxy A23 6/128GB голубой
https://www.kivano.kg//images/product/105126/1649053026_70166900.jpg
17770 сом
Сотовый телефон Samsung Galaxy A03 Core 2/32GB синий
https://www.kivano.kg//images/product/101544/1640059916_27738300.png
8750 сом
Сотовый телефон Samsung Galaxy S22 Plus 5G 8/128GB черный
https://www.kivano.kg//images/product/105130/1649056653_30716400.jpg
72970 сом
Сотовый телефон HTC Wildfire E 2/32Gb черный
https://www.kivano.kg//images/product/90027/1615733523_33745100.jpg
7500 сом
Сотовый телефон Samsung Galaxy S22 Plus 5G 8/128GB зеленый
https://www.kivano.kg//images/product/105131/1649056998_60439800.jpg
72970 сом
Сотовый телефон Samsung Galaxy Z Flip4 8/256 фиолетовый
https://www.kivano.kg//images/product/112811/1666851898_64551600.jpg
64830 сом
Сотовый телефон HTC Wildfire E 2/32Gb золотой
https://www.kivano.kg//images/product/90028/1615733526_10401900.jpg
7500 сом
Сотовый телефон Samsung Galaxy S22 Plus 5G 8/256GB черный
https://www.kivano.kg//images/product/105132/1649057051_53599400.jpg
77510 сом
Сотовый телефон Apple iPhone 14 128GB полночный черный
https://www.kivano.kg//images/product/111020/1667069318_27060600.jpg
72520 сом
Сотовый телефон Samsung Galaxy Z Flip4 8/256 графитовый
https://www.kivano.kg//images/product/112812/1666851909_57700800.jpg
64830 сом
Сотовый телефон HTC Wildfire E2 4/64Gb черный
https://www.kivano.kg//images/product/90029/1615734456_46436000.jpg
8660 сом
Сотовый телефон Xiaomi Redmi 9C 4/128GB оранжевый
https://www.kivano.kg//images/product/96685/1629783962_21763300.jpg
10900 сом
Сотовый телефон Apple iPhone 14 128GB фиолетовый
https://www.kivano.kg//images/product/111021/1667069304_37205800.jpg
72520 сом
Сотовый телефон Samsung Galaxy Z Flip4 8/256 голубой
https://www.kivano.kg//images/product/112813/1666851919_70805200.jpg
64830 сом
Сотовый телефон HTC Wildfire E2 4/64Gb синий
https://www.kivano.kg//images/product/90030/1615734495_48681000.jpg
8660 сом
Сотовый телефон Xiaomi Redmi Note 10 Pro 6/128GB серый
https://www.kivano.kg//images/product/91054/1667280142_09322500.jpg
17870 сом
Сотовый телефон Apple iPhone 14 128GB сияющая звезда
https://www.kivano.kg//images/product/111022/1667069288_96465100.jpg
72520 сом
Сотовый телефон Samsung Galaxy Z Flip4 8/256 золотой
https://www.kivano.kg//images/product/112814/1666851929_26870300.jpg
64830 сом
Сотовый телефон Meizu M10 2/32GB черный
https://www.kivano.kg//images/product/90031/1615737550_56915500.jpg
6960 сом
Сотовый телефон Xiaomi Redmi Note 10 Pro 6/128GB голубой
https://www.kivano.kg//images/product/91055/1667280136_08920200.jpg
17870 сом
Сотовый телефон Xiaomi Redmi 9C 4/128GB фиолетовый
https://www.kivano.kg//images/product/101551/1640062893_34567000.png
10900 сом
Сотовый телефон Apple iPhone 14 128GB голубой
https://www.kivano.kg//images/product/111023/1667069269_56684100.jpg
72520 сом
Сотовый телефон Meizu M10 2/32GB синий
https://www.kivano.kg//images/product/90032/1615737645_08628500.jpg
6960 сом
Сотовый телефон Xiaomi Redmi Note 10 Pro 6/128GB бронзовый
https://www.kivano.kg//images/product/91056/1667280128_22809800.jpg
17870 сом
Сотовый телефон Xiaomi Redmi 9C 4/128GB синий
https://www.kivano.kg//images/product/95920/1628159108_01717700.jpg
10900 сом
Сотовый телефон Xiaomi Redmi Note 11 Pro 4G 6/128GB белый
https://www.kivano.kg//images/product/105136/1649060394_30736400.jpg
21250 сом
Сотовый телефон Apple iPhone 14 128GB красный
https://www.kivano.kg//images/product/111024/1667069255_04497100.jpg
72520 сом
Сотовый телефон Meizu M10 2/32GB красный
https://www.kivano.kg//images/product/90033/1615737698_26785700.jpg
6960 сом
Сотовый телефон Xiaomi Redmi Note 10 Pro 8/128GB бронзовый
https://www.kivano.kg//images/product/91057/1667280104_62807800.jpg
19840 сом
Сотовый телефон Apple iPhone 14 256GB полночный черный
https://www.kivano.kg//images/product/111025/1667069429_30394900.jpg
83410 сом
Сотовый телефон Meizu M10 3/32GB черный
https://www.kivano.kg//images/product/90034/1615737953_84382600.jpg
6960 сом
Сотовый телефон Xiaomi Redmi Note 10 Pro 8/128GB серый
https://www.kivano.kg//images/product/91058/1667279874_52402500.jpg
19840 сом
Сотовый телефон Apple iPhone 14 256GB фиолетовый
https://www.kivano.kg//images/product/111026/1667069410_35447000.jpg
83410 сом
Сотовый телефон Samsung Galaxy A13 4G 6/128GB голубой
https://www.kivano.kg//images/product/116402/1674308722_02592200.jpg
15180 сом
Сотовый телефон Meizu M10 3/32GB синий
https://www.kivano.kg//images/product/90035/1615738105_96625700.jpg
6960 сом
Сотовый телефон Xiaomi Redmi Note 10 Pro 8/128GB голубой
https://www.kivano.kg//images/product/91059/1667279536_91430600.jpg
19840 сом
Сотовый телефон Apple iPhone 14 256GB сияющая звезда
https://www.kivano.kg//images/product/111027/1667069396_12428400.jpg
83410 сом
Сотовый телефон Samsung Galaxy A13 4G 6/128GB белый
https://www.kivano.kg//images/product/116403/1674308857_75928800.jpg
15180 сом
Сотовый телефон Meizu M10 3/32GB красный
https://www.kivano.kg//images/product/90036/1615738140_92462800.jpg
6960 сом
Сотовый телефон Itel A25 фиолетовый
https://www.kivano.kg//images/product/101556/1640066729_15082200.jpg
4640 сом
Сотовый телефон Apple iPhone 14 256GB голубой
https://www.kivano.kg//images/product/111028/1667069379_34607800.jpg
83410 сом
Сотовый телефон Samsung Galaxy A13 4G 6/128GB персиковый
https://www.kivano.kg//images/product/116404/1674308979_44451500.jpg
15180 сом
Сотовый телефон Apple iPhone 14 256GB красный
https://www.kivano.kg//images/product/111029/1667069365_92337100.jpg
83410 сом
Сотовый телефон Xiaomi 12 Pro 12/256GB зеленый
https://www.kivano.kg//images/product/116405/1674310790_68730300.png
58880 сом
Сотовый телефон Apple iPhone 14 Pro 128GB космический черный
https://www.kivano.kg//images/product/111030/1667070233_28210600.jpg
98170 сом
Сотовый телефон Apple iPhone 14 Pro 128GB фиолетовый
https://www.kivano.kg//images/product/111031/1667070267_45413700.jpg
98170 сом
Сотовый телефон Apple iPhone 14 Pro 128GB серебристый
https://www.kivano.kg//images/product/111032/1667070106_55554700.jpg
98170 сом
Сотовый телефон Itel A48 2/32GB фиолетовый
https://www.kivano.kg//images/product/101561/1640068040_84967200.jpg
5890 сом
Сотовый телефон Apple iPhone 14 Pro 128GB золотой
https://www.kivano.kg//images/product/111033/1667070181_22421300.jpg
98170 сом
Сотовый телефон Samsung Galaxy A03s 2/32GB белый
https://www.kivano.kg//images/product/116153/1673698359_06511000.jpg
10630 сом
Сотовый телефон Apple iPhone 14 Pro 256GB космический черный
https://www.kivano.kg//images/product/111034/1667070402_34447000.jpg
107720 сом
Сотовый телефон Xiaomi Redmi Note 10 Pro 8/256GB голубой
https://www.kivano.kg//images/product/113082/1667278980_33275500.jpg
20300 сом
Сотовый телефон Xiaomi Redmi A1 2/32 черный
https://www.kivano.kg//images/product/116154/1673701828_27359800.jpg
8130 сом
Сотовый телефон Itel A25 голубой
https://www.kivano.kg//images/product/95931/1628189348_48401900.jpg
4640 сом
Сотовый телефон Itel Vision 1 Pro 2/32GB синий
https://www.kivano.kg//images/product/101563/1640069123_75143200.jpg
6350 сом
Сотовый телефон Apple iPhone 14 Pro 256GB фиолетовый
https://www.kivano.kg//images/product/111035/1667070388_12901000.jpg
107720 сом
Сотовый телефон Xiaomi Redmi Note 10 Pro 8/256GB серый
https://www.kivano.kg//images/product/113083/1667278983_39177900.jpg
20300 сом
Сотовый телефон Xiaomi Redmi A1 2/32 голубой
https://www.kivano.kg//images/product/116155/1673701846_60674400.jpg
8130 сом
Сотовый телефон Apple iPhone 12 128GB фиолетовый
https://www.kivano.kg//images/product/97724/1631530307_37107700.jpg
59380 сом
Сотовый телефон Xiaomi Poco X4 GT 5G 8/256GB черный
https://www.kivano.kg//images/product/109756/1660641806_42497600.jpg
29560 сом
Сотовый телефон Apple iPhone 14 Pro 256GB серебристый
https://www.kivano.kg//images/product/111036/1667070372_61622300.jpg
107720 сом
Сотовый телефон Xiaomi Redmi A1 2/32 зеленый
https://www.kivano.kg//images/product/116156/1673701892_92542500.jpg
8130 сом
Сотовый телефон Xiaomi Poco X4 GT 5G 8/256GB голубой
https://www.kivano.kg//images/product/109757/1660641822_67308600.jpg
29560 сом
Сотовый телефон Samsung Galaxy Z Fold4 12/256 бежевый
https://www.kivano.kg//images/product/110525/1662310203_63201400.jpg
124570 сом
Сотовый телефон Apple iPhone 14 Pro 256GB золотой
https://www.kivano.kg//images/product/111037/1667070358_93584700.jpg
107720 сом
Сотовый телефон Xiaomi Poco M5 4/64GB зеленый
https://www.kivano.kg//images/product/116157/1673707276_86653000.jpg
13400 сом
Сотовый телефон Realme C3 3/32GB серый
https://www.kivano.kg//images/product/85438/1603788962_41453700.jpg
7500 сом
Сотовый телефон Xiaomi Poco X4 GT 5G 8/256GB серебристый
https://www.kivano.kg//images/product/109758/1660641834_23520300.jpg
29560 сом
Сотовый телефон Samsung Galaxy Z Fold4 12/256 черный
https://www.kivano.kg//images/product/110526/1662310287_69661600.jpg
124570 сом
Сотовый телефон Apple iPhone 14 Pro 512GB космический черный
https://www.kivano.kg//images/product/111038/1667070524_57599700.jpg
134840 сом
Сотовый телефон Samsung Galaxy Z Fold4 12/256 серый
https://www.kivano.kg//images/product/110527/1662310364_54025900.jpg
124570 сом
Сотовый телефон Apple iPhone 14 Pro 512GB золотой
https://www.kivano.kg//images/product/111039/1667070553_51317100.jpg
126810 сом
Сотовый телефон Apple iPhone 14 Plus 128GB фиолетовый
https://www.kivano.kg//images/product/112831/1667068716_02391900.jpg
81170 сом
Сотовый телефон Realme C3 3/32GB красный
https://www.kivano.kg//images/product/85440/1603789061_49507600.jpg
7500 сом
Сотовый телефон Apple iPhone 14 Pro Max 128GB космический черный
https://www.kivano.kg//images/product/111040/1667070713_51743500.jpg
107270 сом
Сотовый телефон Xiaomi Poco M5 6/128GB черный
https://www.kivano.kg//images/product/113088/1667281611_91530300.jpg
14140 сом
Сотовый телефон Apple iPhone 14 Pro Max 128GB серебристый
https://www.kivano.kg//images/product/111041/1667070809_59083700.jpg
107270 сом
Сотовый телефон Xiaomi Poco M5 6/128GB зеленый
https://www.kivano.kg//images/product/113089/1667281718_47593600.jpg
14140 сом
Сотовый телефон Realme C3 3/32GB голубой
https://www.kivano.kg//images/product/85442/1603789253_98753100.jpg
7500 сом
Сотовый телефон Apple iPhone 14 Pro Max 128GB золотой
https://www.kivano.kg//images/product/111042/1667070792_77567600.jpg
107270 сом
Сотовый телефон Apple iPhone 14 Pro Max 128GB фиолетовый
https://www.kivano.kg//images/product/111043/1667070731_06616800.jpg
107720 сом
Сотовый телефон Apple iPhone 14 Pro Max 256GB космический черный
https://www.kivano.kg//images/product/111044/1667070992_90446700.jpg
118190 сом
Сотовый телефон Apple iPhone 14 Pro Max 256GB золотой
https://www.kivano.kg//images/product/111045/1667070980_14799600.jpg
117270 сом
Сотовый телефон Apple iPhone 14 Pro Max 256GB фиолетовый
https://www.kivano.kg//images/product/111046/1667070965_53690200.jpg
118190 сом
Сотовый телефон Apple iPhone 14 Pro Max 256GB серебристый
https://www.kivano.kg//images/product/111047/1667070952_57712100.jpg
117270 сом
Сотовый телефон Xiaomi Redmi 10 2022 4/128GB серый
https://www.kivano.kg//images/product/106441/1652344192_90585000.jpg
13770 сом
Сотовый телефон Xiaomi Redmi 10 2022 4/64GB серый
https://www.kivano.kg//images/product/106442/1652344207_74798100.jpg
12780 сом
Сотовый телефон Apple iPhone 13 mini 256GB зеленый
https://www.kivano.kg//images/product/118218/1678260108_31219200.jpg
59830 сом
Сотовый телефон Samsung Galaxy Z Fold2 (2020) 256GB (SM-F916F/DS) бронзовый
https://www.kivano.kg//images/product/93643/1622903725_16461600.jpg
96710 сом
Сотовый телефон Xiaomi Redmi 10 2022 4/64GB голубой
https://www.kivano.kg//images/product/106443/1652344219_27431800.jpg
12680 сом
Сотовый телефон Samsung Galaxy S22 8/256GB черный
https://www.kivano.kg//images/product/105932/1651331709_45138700.jpg
61170 сом
Сотовый телефон Samsung Galaxy S22 8/256GB белый
https://www.kivano.kg//images/product/105933/1651331741_85568900.jpg
61170 сом
Сотовый телефон Xiaomi Poco M3 Pro 5G 4/64GB черный
https://www.kivano.kg//images/product/93646/1623004444_71335600.jpg
13310 сом
Сотовый телефон Samsung Galaxy S22 8/256GB розовый
https://www.kivano.kg//images/product/105934/1651331770_66731200.jpg
61170 сом
Сотовый телефон Samsung Galaxy Z Fold2 (2020) 256GB (SM-F916F/DS) черный
https://www.kivano.kg//images/product/88015/1611562611_06973300.jpg
96710 сом
Сотовый телефон Samsung Galaxy S22 8/256GB зеленый
https://www.kivano.kg//images/product/105935/1651331801_97725500.jpg
61170 сом
Сотовый телефон Samsung Galaxy A03 4/128GB черный
https://www.kivano.kg//images/product/108751/1657975970_41340800.jpg
12060 сом
Сотовый телефон Samsung Galaxy S22 8/256GB серый
https://www.kivano.kg//images/product/105936/1651331831_15719900.jpg
61170 сом
Сотовый телефон Samsung Galaxy A03 4/128GB синий
https://www.kivano.kg//images/product/108752/1657975986_11338100.jpg
12060 сом
Сотовый телефон Samsung Galaxy S22 8/256GB голубой
https://www.kivano.kg//images/product/105937/1651331856_87154800.jpg
61170 сом
Сотовый телефон Samsung Galaxy A03 4/128GB красный
https://www.kivano.kg//images/product/108753/1657975995_79529100.jpg
12060 сом
Сотовый телефон Samsung Galaxy S22 8/256GB фиолетовый
https://www.kivano.kg//images/product/105938/1651331878_59420500.jpg
61170 сом
Сотовый телефон Apple iPhone 13 Pro 1TB зеленый
https://www.kivano.kg//images/product/108754/1657980617_05948100.png
120020 сом
Сотовый телефон Samsung Galaxy S22 8/256GB бежевый
https://www.kivano.kg//images/product/105939/1651331898_83144000.jpg
61170 сом
Сотовый телефон Samsung Galaxy S22 Plus 5G 8/256GB зеленый
https://www.kivano.kg//images/product/105940/1651333446_38416100.jpg
77510 сом
Сотовый телефон Samsung Galaxy S22 Plus 5G 8/256GB белый
https://www.kivano.kg//images/product/105941/1651333478_41448600.jpg
77510 сом
Сотовый телефон Xiaomi Redmi Note 11 6/128GB серый
https://www.kivano.kg//images/product/103126/1644150126_80802500.jpg
17360 сом
Сотовый телефон Samsung Galaxy S22 Plus 5G 8/256GB розовый
https://www.kivano.kg//images/product/105942/1651333525_75418700.jpg
77510 сом
Сотовый телефон Samsung Galaxy S22 Plus 5G 8/256GB серый
https://www.kivano.kg//images/product/105943/1651333554_53982100.jpg
77510 сом
Сотовый телефон Samsung Galaxy S22 Plus 5G 8/256GB голубой
https://www.kivano.kg//images/product/105944/1651333579_12936000.jpg
77510 сом
Сотовый телефон Samsung Galaxy A73 5G 8/256GB белый
https://www.kivano.kg//images/product/109272/1659191670_78623400.jpg
35730 сом
Сотовый телефон Samsung Galaxy S22 Plus 5G 8/256GB фиолетовый
https://www.kivano.kg//images/product/105945/1657397377_08750100.jpg
77510 сом
Сотовый телефон Samsung Galaxy A73 5G 8/256GB мятный
https://www.kivano.kg//images/product/109273/1659191769_21633300.jpg
35730 сом
Сотовый телефон Samsung Galaxy S22 Plus 5G 8/256GB бежевый
https://www.kivano.kg//images/product/105946/1651333634_66368800.jpg
77510 сом
Сотовый телефон Samsung Galaxy A73 5G 8/256GB серый
https://www.kivano.kg//images/product/109274/1659191850_22895200.jpg
35730 сом
Сотовый телефон Samsung Galaxy A53 5G 8/256GB черный
https://www.kivano.kg//images/product/108510/1657393190_36776700.jpg
29920 сом
Сотовый телефон Samsung Galaxy A53 5G 8/256GB белый
https://www.kivano.kg//images/product/108511/1657393205_69674000.jpg
29920 сом
Сотовый телефон Samsung Galaxy A53 5G 8/256GB персиковый
https://www.kivano.kg//images/product/108512/1657393218_52086000.jpg
29920 сом
Сотовый телефон Samsung Galaxy A53 5G 8/256GB голубой
https://www.kivano.kg//images/product/108513/1657393229_48465300.jpg
29920 сом
Сотовый телефон Samsung Galaxy S21 Fan Edition 8/128GB графитовый
https://www.kivano.kg//images/product/108514/1657394415_42122500.jpg
39020 сом
Сотовый телефон Samsung Galaxy S21 Fan Edition 8/128GB зеленый
https://www.kivano.kg//images/product/108515/1657394516_28290400.jpg
39020 сом
Сотовый телефон Xiaomi Redmi 9C 3/64GB зеленый
https://www.kivano.kg//images/product/106724/1652950371_86063300.jpg
9470 сом
Сотовый телефон Samsung Galaxy S21 Fan Edition 8/128GB лавандовый
https://www.kivano.kg//images/product/108516/1657394603_72898500.jpg
39020 сом
Сотовый телефон Xiaomi Redmi 9C 3/64GB фиолетовый
https://www.kivano.kg//images/product/106725/1652950385_38708500.jpg
9470 сом
Сотовый телефон Samsung Galaxy S21 Fan Edition 8/128GB белый
https://www.kivano.kg//images/product/108517/1657394680_26439500.jpg
39020 сом
Сотовый телефон Samsung Galaxy S22 Plus 5G 8/128GB белый
https://www.kivano.kg//images/product/108518/1657396597_26118600.jpg
72970 сом
Сотовый телефон Xiaomi 12T Pro 12/256GB черный
https://www.kivano.kg//images/product/112614/1666363137_77018800.jpg
52340 сом
Сотовый телефон Samsung Galaxy S20 Fan Edition 8/256GB (Global) лавандовый
https://www.kivano.kg//images/product/116966/1675520240_83697700.jpg
34200 сом
Сотовый телефон Nokia 230 Dual Sim черный
https://www.kivano.kg//images/product/38119/38119.jpg
5360 сом
Сотовый телефон Xiaomi Redmi 10 2022 6/128GB серый
https://www.kivano.kg//images/product/108007/1656405439_55611300.jpg
14640 сом
Сотовый телефон Samsung Galaxy S22 Plus 5G 8/128GB розовый
https://www.kivano.kg//images/product/108519/1657396730_19241300.jpg
72970 сом
Сотовый телефон Xiaomi 12T Pro 12/256GB голубой
https://www.kivano.kg//images/product/112615/1666363229_75088700.jpg
52340 сом
Сотовый телефон Samsung Galaxy S20 Fan Edition 8/256GB (Global) мятный
https://www.kivano.kg//images/product/116967/1675520292_24099300.jpg
34200 сом
Сотовый телефон Xiaomi Redmi 10C 4/64GB зеленый
https://www.kivano.kg//images/product/106728/1652950917_92961300.jpg
10810 сом
Сотовый телефон Samsung Galaxy S22 Plus 5G 8/128GB серый
https://www.kivano.kg//images/product/108520/1657396816_24091800.jpg
72970 сом
Сотовый телефон Samsung Galaxy S20 Fan Edition 8/256GB (Global) синий
https://www.kivano.kg//images/product/116968/1675520328_93783900.jpg
34200 сом
Сотовый телефон Samsung Galaxy S22 Plus 5G 8/128GB голубой
https://www.kivano.kg//images/product/108521/1657396904_62095300.jpg
72970 сом
Сотовый телефон Samsung Galaxy S20 Fan Edition 8/256GB (Global) белый
https://www.kivano.kg//images/product/116969/1675520435_69806200.jpg
34200 сом
Сотовый телефон Samsung Galaxy S21 Fan Edition 8/256GB графитовый
https://www.kivano.kg//images/product/103402/1644909138_14677800.jpg
42950 сом
Сотовый телефон Samsung Galaxy S22 Plus 5G 8/128GB фиолетовый
https://www.kivano.kg//images/product/108522/1657397438_28569800.jpg
72970 сом
Сотовый телефон Samsung Galaxy S20 Fan Edition 8/256GB (Global) красный
https://www.kivano.kg//images/product/116970/1675520478_28086500.jpg
34200 сом
Сотовый телефон Samsung Galaxy S21 Fan Edition 8/256GB зеленый
https://www.kivano.kg//images/product/103403/1644909155_80889600.jpg
42950 сом
Сотовый телефон Samsung Galaxy S22 Plus 5G 8/128GB бежевый
https://www.kivano.kg//images/product/108523/1657397538_55618800.jpg
72970 сом
Сотовый телефон Apple iPhone 14 Pro 512GB фиолетовый
https://www.kivano.kg//images/product/111083/1667070538_66750100.jpg
134840 сом
Сотовый телефон Samsung Galaxy S20 Fan Edition 8/256GB (Global) оранжевый
https://www.kivano.kg//images/product/116971/1675520567_93132900.jpg
34200 сом
Сотовый телефон Samsung Galaxy S21 Fan Edition 8/256GB лавандовый
https://www.kivano.kg//images/product/103404/1644909175_73567400.jpg
42950 сом
Сотовый телефон Xiaomi Redmi 10A 4/128GB черный
https://www.kivano.kg//images/product/108012/1656406126_69416000.jpg
10810 сом
Сотовый телефон Apple iPhone 14 Pro 512GB серебристый
https://www.kivano.kg//images/product/111084/1667070573_06773300.jpg
127270 сом
Сотовый телефон Xiaomi Poco M5s 6/128GB белый
https://www.kivano.kg//images/product/116972/1675521699_51040500.jpg
15810 сом
Сотовый телефон Samsung Galaxy S21 Fan Edition 8/256GB белый
https://www.kivano.kg//images/product/103405/1644909189_58593300.jpg
42950 сом
Сотовый телефон Xiaomi Redmi 10A 4/128GB синий
https://www.kivano.kg//images/product/108013/1656406139_08129000.jpg
10810 сом
Сотовый телефон Apple iPhone 14 Pro 1TB фиолетовый
https://www.kivano.kg//images/product/111085/1667890532_54111400.jpg
149050 сом
Сотовый телефон Xiaomi Redmi 10A 4/128GB серый
https://www.kivano.kg//images/product/108014/1656406143_17876500.jpg
10810 сом
Сотовый телефон Apple iPhone 14 Pro 1TB космический черный
https://www.kivano.kg//images/product/111086/1667890507_96516400.jpg
146360 сом
Сотовый телефон Apple iPhone 14 Pro 1TB золотой
https://www.kivano.kg//images/product/111087/1667890575_67671900.jpg
146360 сом
Сотовый телефон Xiaomi Redmi 10C 3/64GB серый
https://www.kivano.kg//images/product/108017/1656406707_71714700.jpg
10720 сом
Сотовый телефон Apple iPhone 14 Pro 1TB серебристый
https://www.kivano.kg//images/product/111089/1667890558_44915800.jpg
146360 сом
Сотовый телефон Xiaomi Redmi 10C 3/64GB зеленый
https://www.kivano.kg//images/product/108018/1656406717_60647900.jpg
10720 сом
Сотовый телефон Xiaomi Redmi 10 4/128GB синий
https://www.kivano.kg//images/product/98035/1632068656_71722200.jpg
13310 сом
Сотовый телефон Xiaomi Redmi 10C 3/64GB синий
https://www.kivano.kg//images/product/108019/1656406723_11051300.jpg
10720 сом
Сотовый телефон Xiaomi Poco C40 4/64GB черный
https://www.kivano.kg//images/product/109555/1660132485_31324400.jpg
10280 сом
Сотовый телефон Xiaomi Redmi 10 4/128GB белый
https://www.kivano.kg//images/product/98805/1633257871_31192200.jpg
13310 сом
Сотовый телефон Apple iPhone 14 Pro Max 512GB космический черный
https://www.kivano.kg//images/product/111093/1667071078_31411600.jpg
139580 сом
Сотовый телефон Xiaomi Redmi 10 6/128GB серый
https://www.kivano.kg//images/product/98806/1633258051_84562700.jpg
14640 сом
Сотовый телефон Xiaomi Redmi Note 11S 6/64GB синий
https://www.kivano.kg//images/product/103414/1644984321_25384600.jpg
17770 сом
Сотовый телефон Xiaomi Redmi 10 6/128GB белый
https://www.kivano.kg//images/product/98807/1633258084_43763800.jpg
14640 сом
Сотовый телефон Apple iPhone 14 Pro Max 512GB фиолетовый
https://www.kivano.kg//images/product/111095/1667071064_21278900.jpg
139580 сом
Сотовый телефон Xiaomi Redmi Note 10 Pro 8/256GB бронзовый
https://www.kivano.kg//images/product/115447/1671868383_92953400.jpg
20300 сом
Сотовый телефон Xiaomi Redmi Note 11S 6/64GB белый
https://www.kivano.kg//images/product/103416/1644984403_45225800.jpg
17770 сом
Сотовый телефон Xiaomi Redmi Note 11S 6/128GB белый
https://www.kivano.kg//images/product/103417/1644984420_34292700.jpg
16450 сом
Сотовый телефон Apple iPhone 14 Pro Max 1TB фиолетовый
https://www.kivano.kg//images/product/111100/1667071142_67516500.jpg
158160 сом
