title,                            discription,                          price,        image  
Lexus GX,"внедорожник 5 дв., бензин2014 г., 4.6 л., автоматруль слева, 120 000 км",$ 49 800,"<img alt=""Фото авто Lexus GX"" class=""lazy-image"" data-src=""https://im.mashina.kg/tachka/images//4/0/e/40e8c65a99cfe531faf78a227dcd8e56_240x180.jpg"" title=""""/>"
Lexus RX,"внедорожник 5 дв., бензин2017 г., 3.5 л., автоматруль слева, 147 000 км",$ 47 500,"<img alt=""Фото авто Lexus RX"" class=""lazy-image"" data-src=""https://im.mashina.kg/tachka/images//7/c/a/7ca5714cc74f5fccea5ef5cfe6bbf353_240x180.jpg"" title=""""/>"
Lexus ES,"седан, бензин2003 г., 3 л., автоматруль слева, 246 000 км",$ 9 800,"<img alt=""Фото авто Lexus ES"" class=""lazy-image"" data-src=""https://im.mashina.kg/tachka/images//0/d/2/0d299feebb1dac0eaf742e9fb7667739_240x180.jpg"" title=""""/>"
Lexus NX,"внедорожник 5 дв., бензин2016 г., 2 л., автоматруль слева, 107 000 км",$ 28 000,"<img alt=""Фото авто Lexus NX"" class=""lazy-image"" data-src=""https://im.mashina.kg/tachka/images//c/c/9/cc9b44397329d4d608bce6a372dbc1cd_240x180.jpg"" title=""""/>"
Lexus RX,"внедорожник 5 дв., бензин2006 г., 3.3 л., автоматруль слева, 200 000 км",$ 17 300,"<img alt=""Фото авто Lexus RX"" class=""lazy-image"" data-src=""https://im.mashina.kg/tachka/images//a/e/8/ae8204462c10f9afc3bdb206e50bac10_240x180.jpg"" title=""""/>"
Lexus GX,"внедорожник 5 дв., бензин2006 г., 4.7 л., автоматруль слева, 1 000 км",$ 25 900,"<img alt=""Фото авто Lexus GX"" class=""lazy-image"" data-src=""https://im.mashina.kg/tachka/images//4/2/8/4284638e36921750c1f84895a2eacd8c_240x180.jpg"" title=""""/>"
Lexus LX,"внедорожник 5 дв., бензин2012 г., 5.7 л., автоматруль слева, 129 000 км",$ 53 000,"<img alt=""Фото авто Lexus LX"" class=""lazy-image"" data-src=""https://im.mashina.kg/tachka/images//5/2/1/5216458c6c752dfb5f286d21576d3a91_240x180.jpg"" title=""""/>"
Lexus ES,"седан, гибрид2021 г., 2.5 л., вариаторруль слева, 6 000 км",$ 52 000,"<img alt=""Фото авто Lexus ES"" class=""lazy-image"" data-src=""https://im.mashina.kg/tachka/images//c/b/b/cbbe0049941aa529bbc5eced6b85ef9c_240x180.jpg"" title=""""/>"
Lexus ES,"седан, гибрид2019 г., 2.5 л., вариаторруль слева, 46 000 км",$ 50 000,"<img alt=""Фото авто Lexus ES"" class=""lazy-image"" data-src=""https://im.mashina.kg/tachka/images//d/e/a/deaf69819fa01c45712b3d02585a23df_240x180.jpg"" title=""""/>"
Lexus RX,"внедорожник 5 дв., бензин2020 г., 3.5 л., автоматруль слева, 39 000 км",$ 71 000,"<img alt=""Фото авто Lexus RX"" class=""lazy-image"" data-src=""https://im.mashina.kg/tachka/images//e/d/9/ed973381501597458e0dc4c7b50d9ce2_240x180.jpg"" title=""""/>"
Lexus RX,"внедорожник 5 дв., бензин2010 г., 3.5 л., автоматруль слева, 136 000 км",$ 24 200,"<img alt=""Фото авто Lexus RX"" class=""lazy-image"" data-src=""https://im.mashina.kg/tachka/images//a/e/3/ae325d823e542aa7e281f5e18765ec6e_240x180.jpg"" title=""""/>"
Lexus LX,"внедорожник 5 дв., бензин2014 г., 5.7 л., автоматруль слева, 146 000 км",$ 65 000,"<img alt=""Фото авто Lexus LX"" class=""lazy-image"" data-src=""https://im.mashina.kg/tachka/images//3/0/5/3056eebfbcaf34d1f6c94ad33f814fa9_240x180.jpg"" title=""""/>"
Lexus RX,"внедорожник 5 дв., бензин2001 г., 3 л., автоматруль справа, 250 000 км",$ 7 900,"<img alt=""Фото авто Lexus RX"" class=""lazy-image"" data-src=""https://im.mashina.kg/tachka/images//b/5/e/b5ef66747569de035b8e0198803ba54d_240x180.jpg"" title=""""/>"
Lexus LX,"внедорожник 5 дв., бензин2003 г., 4.7 л., автоматруль слева, 197 000 км",$ 20 900,"<img alt=""Фото авто Lexus LX"" class=""lazy-image"" data-src=""https://im.mashina.kg/tachka/images//0/e/d/0ed1340bb4052bea9737dba4d6406b4e_240x180.jpg"" title=""""/>"
Lexus RX,"внедорожник 5 дв., бензин2018 г., 3.5 л., автоматруль слева, 73 400 км",$ 48 000,"<img alt=""Фото авто Lexus RX"" class=""lazy-image"" data-src=""https://im.mashina.kg/tachka/images//0/3/e/03e40f4cbb2914c423c474506f610bc2_240x180.jpg"" title=""""/>"
Lexus GX,"внедорожник 5 дв., бензин2003 г., 4.7 л., автоматруль слева, 230 000 км",$ 16 900,"<img alt=""Фото авто Lexus GX"" class=""lazy-image"" data-src=""https://im.mashina.kg/tachka/images//0/1/9/01946afdb78b2c863cfee545169e2662_240x180.jpg"" title=""""/>"
Lexus LX,"внедорожник 5 дв., бензин2013 г., 5.7 л., автоматруль слева, 133 000 км",$ 58 000,"<img alt=""Фото авто Lexus LX"" class=""lazy-image"" data-src=""https://im.mashina.kg/tachka/images//7/6/3/763b5ee48c1985b39b03825ddfffd9d8_240x180.jpg"" title=""""/>"
Lexus LX,"внедорожник 5 дв., бензин2017 г., 5.7 л., автоматруль слева, 67 000 км",$ 95 000,"<img alt=""Фото авто Lexus LX"" class=""lazy-image"" data-src=""https://im.mashina.kg/tachka/images//4/a/3/4a36d8fac989c12b1da77bfc92b3c15f_240x180.jpg"" title=""""/>"
Lexus NX,"внедорожник 5 дв., бензин2017 г., 2 л., автоматруль слева, 70 000 км",$ 32 000,"<img alt=""Фото авто Lexus NX"" class=""lazy-image"" data-src=""https://im.mashina.kg/tachka/images//9/c/8/9c850c43ef0d0ed69eabe61f19010576_240x180.jpg"" title=""""/>"
Lexus RX,"внедорожник 5 дв., гибрид2020 г., 3.5 л., вариаторруль слева, 19 500 км",$ 79 500,"<img alt=""Фото авто Lexus RX"" class=""lazy-image"" data-src=""https://im.mashina.kg/tachka/images//f/c/1/fc14a022da58b98c56c526df36756799_240x180.jpg"" title=""""/>"
Lexus RX,"внедорожник 5 дв., бензин2020 г., 3.5 л., автоматруль слева, 22 000 км",$ 72 000,"<img alt=""Фото авто Lexus RX"" class=""lazy-image"" data-src=""https://im.mashina.kg/tachka/images//e/c/b/ecb5eb062cb019b859f89bd574410e2b_240x180.jpg"" title=""""/>"
Lexus RX,"внедорожник 5 дв., гибрид2013 г., 3.5 л., вариаторруль слева, 102 000 км",$ 31 500,"<img alt=""Фото авто Lexus RX"" class=""lazy-image"" data-src=""https://im.mashina.kg/tachka/images//e/c/8/ec8763d2d0621f1f79d85c18fe6623ca_240x180.jpg"" title=""""/>"
Lexus ES,"седан, гибрид2013 г., 2.5 л., вариаторруль слева, 175 000 км",$ 22 500,"<img alt=""Фото авто Lexus ES"" class=""lazy-image"" data-src=""https://im.mashina.kg/tachka/images//4/e/f/4ef6eee40e28324905f135212245f9fd_240x180.jpg"" title=""""/>"
Lexus RX,"внедорожник 5 дв., бензин2019 г., 3.5 л., автоматруль слева, 36 000 км",$ 79 999,"<img alt=""Фото авто Lexus RX"" class=""lazy-image"" data-src=""https://im.mashina.kg/tachka/images//7/0/f/70f61bd27bec200e5181d6394afc1a66_240x180.jpg"" title=""""/>"
Lexus LX,"внедорожник 5 дв., бензин2016 г., 5.7 л., автоматруль слева, 75 000 км",$ 105 000,"<img alt=""Фото авто Lexus LX"" class=""lazy-image"" data-src=""https://im.mashina.kg/tachka/images//8/5/9/85910f85773e586083d9c15ef0758ccc_240x180.jpg"" title=""""/>"
Lexus RX,"внедорожник 5 дв., бензин2003 г., 3.3 л., автоматруль слева, 167 800 км",$ 14 000,"<img alt=""Фото авто Lexus RX"" class=""lazy-image"" data-src=""https://im.mashina.kg/tachka/images//2/6/8/268a78614b9e17eb60ce8f5d4a5a2163_240x180.jpg"" title=""""/>"
Lexus RX,"внедорожник 5 дв., бензин2004 г., 3.3 л., автоматруль слева, 183 538 км",$ 15 800,"<img alt=""Фото авто Lexus RX"" class=""lazy-image"" data-src=""https://im.mashina.kg/tachka/images//7/4/c/74c883268c8994e74402b5f11befd587_240x180.jpg"" title=""""/>"
Lexus GX,"внедорожник 5 дв., бензин2004 г., 4.7 л., автоматруль слева, 23 000 км",$ 18 400,"<img alt=""Фото авто Lexus GX"" class=""lazy-image"" data-src=""https://im.mashina.kg/tachka/images//1/d/9/1d973670747b93427a5c82289743df39_240x180.jpg"" title=""""/>"
Lexus LX,"внедорожник 5 дв., бензин2008 г., 5.7 л., автоматруль слева, 222 000 км",$ 37 000,"<img alt=""Фото авто Lexus LX"" class=""lazy-image"" data-src=""https://im.mashina.kg/tachka/images//d/b/8/db8096813b4395319838ce677f3e3854_240x180.jpg"" title=""""/>"
Lexus GX,"внедорожник 5 дв., бензин2016 г., 4.6 л., автоматруль слева, 72 000 км",$ 51 000,"<img alt=""Фото авто Lexus GX"" class=""lazy-image"" data-src=""https://im.mashina.kg/tachka/images//c/f/1/cf1873c295ffae6706ff8a63834c2000_240x180.jpg"" title=""""/>"
Lexus IS,"седан, бензин1999 г., 2 л., механикаруль слева, 297 000 км",$ 5 800,"<img alt=""Фото авто Lexus IS"" class=""lazy-image"" data-src=""https://im.mashina.kg/tachka/images//3/a/5/3a5e21add8c7c2978953344dde88e29e_240x180.jpg"" title=""""/>"
Lexus LX,"внедорожник 5 дв., дизель2016 г., 4.5 л., автоматруль слева, 120 000 км",$ 98 000,"<img alt=""Фото авто Lexus LX"" class=""lazy-image"" data-src=""https://im.mashina.kg/tachka/images//7/5/d/75dfcd3bf335196c6a0d86ee2a17339c_240x180.jpg"" title=""""/>"
Lexus LX,"внедорожник 5 дв., бензин2007 г., 4.7 л., автоматруль слева, 192 000 км",$ 34 500,"<img alt=""Фото авто Lexus LX"" class=""lazy-image"" data-src=""https://im.mashina.kg/tachka/images//6/7/8/678723d56ded2e61a4eb576103271d5a_240x180.jpg"" title=""""/>"
Lexus RX,"внедорожник 5 дв., бензин2004 г., 3 л., автоматруль слева, 220 000 км",$ 13 900,"<img alt=""Фото авто Lexus RX"" class=""lazy-image"" data-src=""https://im.mashina.kg/tachka/images//6/8/e/68e7a107d744f9e52e6190b6152a07e7_240x180.jpg"" title=""""/>"
Lexus GX,"внедорожник 5 дв., бензин2006 г., 4.7 л., автоматруль слева, 140 000 км",$ 27 800,"<img alt=""Фото авто Lexus GX"" class=""lazy-image"" data-src=""https://im.mashina.kg/tachka/images//3/f/d/3fdcf01f21f714883231f0c04a2e9a8a_240x180.jpg"" title=""""/>"
Lexus ES,"седан, бензин2007 г., 3.5 л., автоматруль слева, 180 000 км",$ 13 000,"<img alt=""Фото авто Lexus ES"" class=""lazy-image"" data-src=""https://im.mashina.kg/tachka/images//d/a/8/da8fead162af8f9164ac71cf1d87b5a9_240x180.jpg"" title=""""/>"
Lexus RX,"внедорожник 5 дв., гибрид2019 г., 3.5 л., вариаторруль слева, 37 000 км",$ 62 000,"<img alt=""Фото авто Lexus RX"" class=""lazy-image"" data-src=""https://im.mashina.kg/tachka/images//5/b/6/5b689dfd7b52de852f7725759c0a69bd_240x180.jpg"" title=""""/>"
Lexus GS,"седан, гибрид2006 г., 3.5 л., вариаторруль слева, 200 000 км",$ 11 200,"<img alt=""Фото авто Lexus GS"" class=""lazy-image"" data-src=""https://im.mashina.kg/tachka/images//c/b/b/cbb3e53149f4e70cf0c01369589fe4f4_240x180.jpg"" title=""""/>"
Lexus RX,"внедорожник 5 дв., бензин2018 г., 3.5 л., автоматруль слева, 20 000 км",$ 53 000,"<img alt=""Фото авто Lexus RX"" class=""lazy-image"" data-src=""https://im.mashina.kg/tachka/images//4/c/f/4cf0a127422f27b719aa5da12327c700_240x180.jpg"" title=""""/>"
Lexus RX,"внедорожник 5 дв., гибрид2013 г., 3.5 л., вариаторруль слева, 190 000 км",$ 29 000,"<img alt=""Фото авто Lexus RX"" class=""lazy-image"" data-src=""https://im.mashina.kg/tachka/images//6/f/e/6fecccb4dc9f78d4f9177d1494f09b44_240x180.jpg"" title=""""/>"
Lexus RX,"внедорожник 5 дв., бензин2015 г., 3.5 л., автоматруль слева, 89 000 км",$ 32 000,"<img alt=""Фото авто Lexus RX"" class=""lazy-image"" data-src=""https://im.mashina.kg/tachka/images//9/1/d/91d3615589472fa1fbfda6afc5128e29_240x180.jpg"" title=""""/>"
Lexus RX,"внедорожник 5 дв., бензин2005 г., 3 л., автоматруль слева, 200 000 км",$ 16 300,"<img alt=""Фото авто Lexus RX"" class=""lazy-image"" data-src=""https://im.mashina.kg/tachka/images//c/1/e/c1ecbfbee2b4265dbeda80ce9647c832_240x180.jpg"" title=""""/>"
Lexus RX,"внедорожник 5 дв., гибрид2006 г., 3.3 л., вариаторруль слева, 139 000 км",$ 17 200,"<img alt=""Фото авто Lexus RX"" class=""lazy-image"" data-src=""https://im.mashina.kg/tachka/images//0/2/1/021b1814f92e99b34642bc6bd3d46346_240x180.jpg"" title=""""/>"
Lexus NX,"внедорожник 5 дв., бензин2019 г., 2 л., автоматруль слева, 31 000 км",$ 25 000,"<img alt=""Фото авто Lexus NX"" class=""lazy-image"" data-src=""https://im.mashina.kg/tachka/images//6/5/e/65e5412bdf1b3e6746f9b8cbd30ee547_240x180.jpg"" title=""""/>"
Lexus ES,"седан, гибрид2017 г., 2.5 л., вариаторруль слева, 66 000 км",$ 26 000,"<img alt=""Фото авто Lexus ES"" class=""lazy-image"" data-src=""https://im.mashina.kg/tachka/images//a/7/5/a7569da5a7f3a456692b023b79645b0a_240x180.jpg"" title=""""/>"
Lexus ES,"седан, гибрид2018 г., 2.5 л., вариаторруль слева, 69 000 км",$ 34 000,"<img alt=""Фото авто Lexus ES"" class=""lazy-image"" data-src=""https://im.mashina.kg/tachka/images//6/4/a/64ac7c9a82bfaa47546880ffe01d7d17_240x180.jpg"" title=""""/>"
Lexus RX,"внедорожник 5 дв., бензин2017 г., 3.5 л., автоматруль слева, 41 285 км",$ 46 000,"<img alt=""Фото авто Lexus RX"" class=""lazy-image"" data-src=""https://im.mashina.kg/tachka/images//3/0/9/3099fa4f3e78beecdbb04a9a59495fa5_240x180.jpg"" title=""""/>"
Lexus GX,"внедорожник 5 дв., бензин2006 г., 4.7 л., автоматруль слева, 244 000 км",$ 23 100,"<img alt=""Фото авто Lexus GX"" class=""lazy-image"" data-src=""https://im.mashina.kg/tachka/images//a/f/3/af3e914bdd911dae294a0df849b48e87_240x180.jpg"" title=""""/>"
Lexus RX,"внедорожник 5 дв., бензин2002 г., 3 л., автоматруль справа, 142 500 км",$ 8 800,"<img alt=""Фото авто Lexus RX"" class=""lazy-image"" data-src=""https://im.mashina.kg/tachka/images//4/0/c/40c0479930dfbb4d8e171f9614c64600_240x180.jpg"" title=""""/>"
Lexus ES,"седан, бензин2007 г., 3.5 л., автоматруль слева, 301 000 км",$ 15 500,"<img alt=""Фото авто Lexus ES"" class=""lazy-image"" data-src=""https://im.mashina.kg/tachka/images//6/c/4/6c418e28a4ade7005f611b8f7ec50647_240x180.jpg"" title=""""/>"
Lexus LX,"внедорожник 5 дв., бензин2019 г., 5.7 л., автоматруль слева, 51 000 км",$ 130 000,"<img alt=""Фото авто Lexus LX"" class=""lazy-image"" data-src=""https://im.mashina.kg/tachka/images//e/5/5/e5526a45d14882fa8e3c90eddae377d3_240x180.jpg"" title=""""/>"
Lexus NX,"внедорожник 5 дв., гибрид2017 г., 2.5 л., вариаторруль слева, 80 000 км",$ 35 000,"<img alt=""Фото авто Lexus NX"" class=""lazy-image"" data-src=""https://im.mashina.kg/tachka/images//6/7/0/670064acfce663213bf253769e3ab9b3_240x180.jpg"" title=""""/>"
Lexus IS,"седан, бензин2008 г., 2.5 л., автоматруль слева, 150 000 км",$ 12 500,"<img alt=""Фото авто Lexus IS"" class=""lazy-image"" data-src=""https://im.mashina.kg/tachka/images//e/1/a/e1a3e7bd879187d3d2e0aa31e07a6712_240x180.jpg"" title=""""/>"
Lexus RX,"внедорожник 5 дв., бензин2000 г., 3 л., автоматруль слева, 252 484 км",$ 10 000,"<img alt=""Фото авто Lexus RX"" class=""lazy-image"" data-src=""https://im.mashina.kg/tachka/images//c/e/c/cecf0d51f8a4a506b8ebe4c877da9e58_240x180.jpg"" title=""""/>"
Lexus RX,"внедорожник 5 дв., бензин2008 г., 3.5 л., автоматруль слева, 250 000 км",$ 16 100,"<img alt=""Фото авто Lexus RX"" class=""lazy-image"" data-src=""https://im.mashina.kg/tachka/images//c/c/3/cc30453d5462f61e01396ebd801d212e_240x180.jpg"" title=""""/>"
Lexus LS,"седан, бензин2003 г., 4.3 л., автоматруль слева, 327 000 км",$ 13 000,"<img alt=""Фото авто Lexus LS"" class=""lazy-image"" data-src=""https://im.mashina.kg/tachka/images//0/a/1/0a1ca16de04adc2768049179e5390eac_240x180.jpg"" title=""""/>"
Lexus ES,"седан, бензин2007 г., 3.5 л., автоматруль слева, 200 000 км",$ 12 500,"<img alt=""Фото авто Lexus ES"" class=""lazy-image"" data-src=""https://im.mashina.kg/tachka/images//1/c/a/1ca6e83efa956c4240058127360ede78_240x180.jpg"" title=""""/>"
Lexus RX,"внедорожник 5 дв., гибрид2016 г., 3.5 л., вариаторруль слева, 97 000 км",$ 55 000,"<img alt=""Фото авто Lexus RX"" class=""lazy-image"" data-src=""https://im.mashina.kg/tachka/images//5/5/5/5551d21f6e3bb8df496dcba09078142e_240x180.jpg"" title=""""/>"
Lexus LX,"внедорожник 5 дв., бензин2019 г., 5.7 л., автоматруль слева, 72 000 км",$ 150 000,"<img alt=""Фото авто Lexus LX"" class=""lazy-image"" data-src=""https://im.mashina.kg/tachka/images//a/5/d/a5db10de9df835b2278e257a97de84f5_240x180.jpg"" title=""""/>"
Lexus RX,"внедорожник 5 дв., бензин2016 г., 3.5 л., автоматруль слева, 126 000 км",$ 46 000,"<img alt=""Фото авто Lexus RX"" class=""lazy-image"" data-src=""https://im.mashina.kg/tachka/images//f/7/2/f7262d192c5aa95735e785569b94be99_240x180.jpg"" title=""""/>"
Lexus UX,"внедорожник 5 дв., гибрид2019 г., 2 л., вариаторруль слева, 40 500 км",$ 38 500,"<img alt=""Фото авто Lexus UX"" class=""lazy-image"" data-src=""https://im.mashina.kg/tachka/images//e/3/9/e3918e0c0b1d00c61c8448f9521759d5_240x180.jpg"" title=""""/>"
Lexus LX,"внедорожник 5 дв., бензин2018 г., 5.7 л., автоматруль слева, 10 500 км",$ 125 000,"<img alt=""Фото авто Lexus LX"" class=""lazy-image"" data-src=""https://im.mashina.kg/tachka/images//c/b/f/cbfcd8a8ac851c1b637179c310ca0712_240x180.jpg"" title=""""/>"
Lexus LX,"внедорожник 5 дв., бензин2022 г., 3.4 л., автоматруль слева",$ 245 000,"<img alt=""Фото авто Lexus LX"" class=""lazy-image"" data-src=""https://im.mashina.kg/tachka/images//4/e/8/4e8170a5768ec6faee3bfc1b2d8f89b5_240x180.jpg"" title=""""/>"
Lexus LX,"внедорожник 5 дв., бензин2022 г., 3.4 л., автоматруль слева",$ 245 000,"<img alt=""Фото авто Lexus LX"" class=""lazy-image"" data-src=""https://im.mashina.kg/tachka/images//b/e/e/bee59824d2fcc08cbd2968b8cfdbb293_240x180.jpg"" title=""""/>"
Lexus GX,"внедорожник 5 дв., бензин2017 г., 4.6 л., автоматруль слева, 106 000 км",$ 58 000,"<img alt=""Фото авто Lexus GX"" class=""lazy-image"" data-src=""https://im.mashina.kg/tachka/images//0/9/7/0979d13de06c366511fd9b14ee313950_240x180.jpg"" title=""""/>"
Lexus GX,"внедорожник 5 дв., бензин2010 г., 4.6 л., автоматруль слева, 114 000 км",$ 36 000,"<img alt=""Фото авто Lexus GX"" class=""lazy-image"" data-src=""https://im.mashina.kg/tachka/images//6/3/d/63de6b4c94b1eca1abbc6be78c6240a9_240x180.jpg"" title=""""/>"
Lexus RX,"внедорожник 5 дв., бензин2019 г., 3.5 л., автоматруль слева, 61 266 км",$ 57 000,"<img alt=""Фото авто Lexus RX"" class=""lazy-image"" data-src=""https://im.mashina.kg/tachka/images//1/c/7/1c71653960e2c9b5aef315d8e71314c1_240x180.jpg"" title=""""/>"
Lexus NX,"внедорожник 5 дв., бензин2016 г., 2 л., автоматруль слева, 95 000 км",$ 29 500,"<img alt=""Фото авто Lexus NX"" class=""lazy-image"" data-src=""https://im.mashina.kg/tachka/images//e/a/6/ea61ab43197efbe38408109b674695cb_240x180.jpg"" title=""""/>"
Lexus GX,"внедорожник 5 дв., бензин2008 г., 4.7 л., автоматруль слева, 206 000 км",$ 27 500,"<img alt=""Фото авто Lexus GX"" class=""lazy-image"" data-src=""https://im.mashina.kg/tachka/images//a/5/0/a50e77d90656726b8bab4e87207ef612_240x180.jpg"" title=""""/>"
Lexus GX,"внедорожник 5 дв., бензин2007 г., 4.7 л., автоматруль слева, 173 000 км",$ 29 999,"<img alt=""Фото авто Lexus GX"" class=""lazy-image"" data-src=""https://im.mashina.kg/tachka/images//9/2/1/921def690f3ca8e1b61a05cda3a93ea1_240x180.jpg"" title=""""/>"
Lexus GX,"внедорожник 5 дв., бензин2005 г., 4.7 л., автоматруль слева, 219 000 км",$ 25 000,"<img alt=""Фото авто Lexus GX"" class=""lazy-image"" data-src=""https://im.mashina.kg/tachka/images//9/4/0/940f127811ba5b975066408ac36c7264_240x180.jpg"" title=""""/>"
Lexus GX,"внедорожник 5 дв., бензин2005 г., 4.7 л., автоматруль слева, 240 000 км",$ 25 500,"<img alt=""Фото авто Lexus GX"" class=""lazy-image"" data-src=""https://im.mashina.kg/tachka/images//d/1/9/d1960eb2be5f262c3f04b6b490ecf47b_240x180.jpg"" title=""""/>"
Lexus GX,"внедорожник 5 дв., бензин2006 г., 4.7 л., автоматруль слева, 160 000 км",$ 25 500,"<img alt=""Фото авто Lexus GX"" class=""lazy-image"" data-src=""https://im.mashina.kg/tachka/images//c/8/e/c8ebe795f4769f2a39a8b16e28d4f8ef_240x180.jpg"" title=""""/>"
Lexus LX,"внедорожник 5 дв., бензин2008 г., 5.7 л., автоматруль слева, 205 000 км",$ 31 700,"<img alt=""Фото авто Lexus LX"" class=""lazy-image"" data-src=""https://im.mashina.kg/tachka/images//a/6/b/a6bbaf5b7474f9361453a59d419028c4_240x180.jpg"" title=""""/>"
Lexus RX,"внедорожник 5 дв., бензин2009 г., 3.5 л., автоматруль слева, 145 000 км",$ 23 000,"<img alt=""Купить авто Lexus RX фото"" class=""temp-auto"" src=""/bundles/client/default/img/no-preview.jpg"" srcset=""/bundles/client/default/img/no-preview.jpg 1x, /bundles/client/default/img/no-preview@2x.jpg 2x, /bundles/client/default/img/no-preview@3x.jpg 3x"" title=""""/>"
Lexus ES,"седан, гибрид2016 г., 2.5 л., вариаторруль слева, 137 700 км",$ 32 300,"<img alt=""Фото авто Lexus ES"" class=""lazy-image"" data-src=""https://im.mashina.kg/tachka/images//d/3/f/d3fc60925410214fb2299cfb92d4f23d_240x180.jpg"" title=""""/>"
Lexus RX,"внедорожник 5 дв., бензин2008 г., 3.5 л., автоматруль слева, 160 000 км",$ 18 500,"<img alt=""Фото авто Lexus RX"" class=""lazy-image"" data-src=""https://im.mashina.kg/tachka/images//e/7/f/e7f08e116649192713e87ea071e4aac3_240x180.jpg"" title=""""/>"
Lexus GX,"внедорожник 5 дв., бензин2015 г., 4.6 л., автоматруль слева, 111 500 км",$ 49 500,"<img alt=""Фото авто Lexus GX"" class=""lazy-image"" data-src=""https://im.mashina.kg/tachka/images//e/a/6/ea656e09205e32464cb1de59edc97938_240x180.jpg"" title=""""/>"
Lexus RX,"внедорожник 5 дв., гибрид2022 г., 3.5 л., вариаторруль слева, 5 900 км",$ 82 000,"<img alt=""Фото авто Lexus RX"" class=""lazy-image"" data-src=""https://im.mashina.kg/tachka/images//8/a/f/8af8d0e890d75d44d591a6bdbbe1b06b_240x180.jpg"" title=""""/>"
Lexus NX,"внедорожник 5 дв., гибрид2019 г., 2.5 л., вариаторруль слева, 24 000 км",$ 42 000,"<img alt=""Фото авто Lexus NX"" class=""lazy-image"" data-src=""https://im.mashina.kg/tachka/images//6/1/a/61ae160533112bf202e56f845fac9593_240x180.jpg"" title=""""/>"
Lexus GX,"внедорожник 5 дв., бензин2004 г., 4.7 л., автоматруль слева, 198 000 км",$ 18 000,"<img alt=""Фото авто Lexus GX"" class=""lazy-image"" data-src=""https://im.mashina.kg/tachka/images//e/6/2/e62a68b986939fa702213d6b3d12ad2a_240x180.jpg"" title=""""/>"
Lexus ES,"седан, гибрид2014 г., 2.5 л., вариаторруль слева, 170 000 км",$ 24 500,"<img alt=""Фото авто Lexus ES"" class=""lazy-image"" data-src=""https://im.mashina.kg/tachka/images//2/0/6/206589d6b602f25abee3e1badfbb9bea_240x180.jpg"" title=""""/>"
Lexus GX,"внедорожник 5 дв., бензин2003 г., 4.7 л., автоматруль слева, 204 382 км",$ 17 500,"<img alt=""Фото авто Lexus GX"" class=""lazy-image"" data-src=""https://im.mashina.kg/tachka/images//1/9/e/19e9e2a4e9f8f290858eaa1c10ade202_240x180.jpg"" title=""""/>"
Lexus RX,"внедорожник 5 дв., бензин2001 г., 3 л., автоматруль слева, 286 000 км",$ 11 500,"<img alt=""Фото авто Lexus RX"" class=""lazy-image"" data-src=""https://im.mashina.kg/tachka/images//4/c/7/4c7a291545a3b7e29b08c633106ba0cd_240x180.jpg"" title=""""/>"
Lexus ES,"седан, бензин2009 г., 3.5 л., автоматруль слева, 137 000 км",$ 14 999,"<img alt=""Фото авто Lexus ES"" class=""lazy-image"" data-src=""https://im.mashina.kg/tachka/images//7/c/0/7c0b0f2dcfa0e169eac4bcbc5f266648_240x180.jpg"" title=""""/>"
Lexus LX,"внедорожник 5 дв., бензин2011 г., 5.7 л., автоматруль слева, 170 000 км",$ 45 500,"<img alt=""Фото авто Lexus LX"" class=""lazy-image"" data-src=""https://im.mashina.kg/tachka/images//7/0/3/7038edf9316e758b2bf15b5cd81afdff_240x180.jpg"" title=""""/>"
Lexus GS,"седан, бензин2005 г., 3 л., автоматруль слева, 265 903 км",$ 10 000,"<img alt=""Фото авто Lexus GS"" class=""lazy-image"" data-src=""https://im.mashina.kg/tachka/images//6/9/4/6949cbcac07ed69f4ac906b1847234dd_240x180.jpg"" title=""""/>"
Lexus LX,"внедорожник 5 дв., бензин2008 г., 5.7 л., автоматруль слева, 223 000 км",$ 39 000,"<img alt=""Фото авто Lexus LX"" class=""lazy-image"" data-src=""https://im.mashina.kg/tachka/images//9/f/d/9fd49c1ce15a852ce99244c7e2c282ef_240x180.jpg"" title=""""/>"
Lexus ES,"седан, бензин2012 г., 3.5 л., автоматруль слева, 200 000 км",$ 19 000,"<img alt=""Фото авто Lexus ES"" class=""lazy-image"" data-src=""https://im.mashina.kg/tachka/images//5/5/9/5591a6346cae1835e1ea09c51a349b80_240x180.jpg"" title=""""/>"
Lexus ES,"седан, гибрид2017 г., 2.5 л., вариаторруль слева, 61 000 км",$ 32 000,"<img alt=""Фото авто Lexus ES"" class=""lazy-image"" data-src=""https://im.mashina.kg/tachka/images//0/f/0/0f0d086f4e9c49978e5c73876073d6eb_240x180.jpg"" title=""""/>"
Lexus ES,"седан, гибрид2013 г., 2.5 л., вариаторруль слева, 103 666 км",$ 22 300,"<img alt=""Фото авто Lexus ES"" class=""lazy-image"" data-src=""https://im.mashina.kg/tachka/images//9/4/8/948e1c67f9b7745148063cd50a4244c6_240x180.jpg"" title=""""/>"
Lexus ES,"седан, гибрид2014 г., 2.5 л., вариаторруль слева, 100 666 км",$ 21 900,"<img alt=""Фото авто Lexus ES"" class=""lazy-image"" data-src=""https://im.mashina.kg/tachka/images//0/a/9/0a9d3fb0c2eeedeaab3c8f15fc1f1b9a_240x180.jpg"" title=""""/>"
Lexus RX,"внедорожник 5 дв., бензин2009 г., 3.5 л., автоматруль слева, 145 000 км",$ 23 000,"<img alt=""Купить авто Lexus RX фото"" class=""temp-auto"" src=""/bundles/client/default/img/no-preview.jpg"" srcset=""/bundles/client/default/img/no-preview.jpg 1x, /bundles/client/default/img/no-preview@2x.jpg 2x, /bundles/client/default/img/no-preview@3x.jpg 3x"" title=""""/>"
Lexus ES,"седан, бензин2005 г., 3.3 л., автоматруль слева, 130 000 км",$ 11 500,"<img alt=""Фото авто Lexus ES"" class=""lazy-image"" data-src=""https://im.mashina.kg/tachka/images//a/6/2/a6270dddc4775d152ce0399680fb94d6_240x180.jpg"" title=""""/>"
Lexus ES,"седан, гибрид2020 г., 2.5 л., вариаторруль слева, 19 000 км",$ 57 000,"<img alt=""Фото авто Lexus ES"" class=""lazy-image"" data-src=""https://im.mashina.kg/tachka/images//3/b/7/3b793dcbd512f5e04e458938d3d480c0_240x180.jpg"" title=""""/>"
Lexus RX,"внедорожник 5 дв., бензин2007 г., 3.5 л., автоматруль слева, 243 000 км",$ 15 800,"<img alt=""Фото авто Lexus RX"" class=""lazy-image"" data-src=""https://im.mashina.kg/tachka/images//7/2/d/72d3618d820adef436b7d6c7d6bb904d_240x180.jpg"" title=""""/>"
Lexus LX,"внедорожник 5 дв., бензин2021 г., 5.7 л., автоматруль слева, 32 831 км",$ 80 185,"<img alt=""Фото авто Lexus LX"" class=""lazy-image"" data-src=""https://im.mashina.kg/tachka/images//9/a/5/9a55ab87272da13537848fbea5279e52_240x180.jpg"" title=""""/>"
Lexus RX,"внедорожник 5 дв., бензин2013 г., 3.5 л., автоматруль слева, 85 000 км",$ 35 000,"<img alt=""Фото авто Lexus RX"" class=""lazy-image"" data-src=""https://im.mashina.kg/tachka/images//a/1/e/a1e38b628b03d9961e95e0103cb73d46_240x180.jpg"" title=""""/>"
Lexus GX,"внедорожник 5 дв., бензин2018 г., 4.6 л., автоматруль слева, 80 467 км",$ 38 000,"<img alt=""Фото авто Lexus GX"" class=""lazy-image"" data-src=""https://im.mashina.kg/tachka/images//1/e/1/1e16bcfa82a09cd269e5454a24d7fb25_240x180.jpg"" title=""""/>"
Lexus RX,"внедорожник 5 дв., бензин2006 г., 3.3 л., автоматруль слева, 192 000 км",$ 15 000,"<img alt=""Фото авто Lexus RX"" class=""lazy-image"" data-src=""https://im.mashina.kg/tachka/images//f/8/3/f838920370e9fc26a9f1058591d7b566_240x180.jpg"" title=""""/>"
Lexus GX,"внедорожник 5 дв., бензин2022 г., 4.6 л., автоматруль слева, 12 070 км",$ 60 200,"<img alt=""Фото авто Lexus GX"" class=""lazy-image"" data-src=""https://im.mashina.kg/tachka/images//a/d/b/adbf9f8e9d195b2ea3fe2c3cae8214f9_240x180.jpg"" title=""""/>"
Lexus ES,"седан, гибрид2019 г., 2.5 л., вариаторруль слева, 54 235 км",$ 26 900,"<img alt=""Фото авто Lexus ES"" class=""lazy-image"" data-src=""https://im.mashina.kg/tachka/images//1/e/1/1e197ae19a4552d83ee88d0ae6b8e155_240x180.jpg"" title=""""/>"
Lexus RX,"внедорожник 5 дв., бензин2020 г., 3.5 л., автоматруль слева, 60 028 км",$ 36 230,"<img alt=""Фото авто Lexus RX"" class=""lazy-image"" data-src=""https://im.mashina.kg/tachka/images//0/a/4/0a4eabf9f500757fcf51ca048d982ad4_240x180.jpg"" title=""""/>"
Lexus GX,"внедорожник 5 дв., бензин2005 г., 4.7 л., автоматруль слева, 215 000 км",$ 24 500,"<img alt=""Фото авто Lexus GX"" class=""lazy-image"" data-src=""https://im.mashina.kg/tachka/images//5/4/a/54a9f79aaea64a9dd029054b4ddc14cc_240x180.jpg"" title=""""/>"
Lexus NX,"внедорожник 5 дв., бензин2022 г., 2.4 л., автоматруль слева, 18 км",$ 33 700,"<img alt=""Фото авто Lexus NX"" class=""lazy-image"" data-src=""https://im.mashina.kg/tachka/images//a/6/6/a66425e4013ff92249bcb75e2a86d552_240x180.jpg"" title=""""/>"
Lexus GX,"внедорожник 5 дв., бензин2018 г., 4.6 л., автоматруль слева, 80 467 км",$ 41 500,"<img alt=""Фото авто Lexus GX"" class=""lazy-image"" data-src=""https://im.mashina.kg/tachka/images//c/8/2/c825f2f3ca6e05a90d73cf33e33bad0e_240x180.jpg"" title=""""/>"
Lexus GX,"внедорожник 5 дв., бензин2018 г., 4.6 л., автоматруль слева, 65 822 км",$ 42 100,"<img alt=""Фото авто Lexus GX"" class=""lazy-image"" data-src=""https://im.mashina.kg/tachka/images//a/6/2/a62da274cecab3d0de69e88edee01320_240x180.jpg"" title=""""/>"
Lexus RX,"внедорожник 5 дв., бензин2003 г., 3 л., автоматруль слева, 280 000 км",$ 12 000,"<img alt=""Фото авто Lexus RX"" class=""lazy-image"" data-src=""https://im.mashina.kg/tachka/images//1/6/4/1644a7424f2c3162f4ce9cc78867ab37_240x180.jpg"" title=""""/>"
Lexus LX,"внедорожник 5 дв., бензин1999 г., 4.7 л., автоматруль слева, 356 261 км",$ 12 000,"<img alt=""Купить авто Lexus LX фото"" class=""temp-auto"" src=""/bundles/client/default/img/no-preview.jpg"" srcset=""/bundles/client/default/img/no-preview.jpg 1x, /bundles/client/default/img/no-preview@2x.jpg 2x, /bundles/client/default/img/no-preview@3x.jpg 3x"" title=""""/>"
Lexus RX,"внедорожник 5 дв., бензин2017 г., 3.5 л., автоматруль слева, 145 645 км",$ 27 000,"<img alt=""Фото авто Lexus RX"" class=""lazy-image"" data-src=""https://im.mashina.kg/tachka/images//4/e/5/4e533ec9cc36f436634ab9150b8705b7_240x180.jpg"" title=""""/>"
Lexus RX,"внедорожник 5 дв., бензин1999 г., 3 л., автоматруль слева",$ 7 900,"<img alt=""Фото авто Lexus RX"" class=""lazy-image"" data-src=""https://im.mashina.kg/tachka/images//1/6/7/1679731dc6d2c0caff92ebca9ecc61a1_240x180.jpg"" title=""""/>"
Lexus RX,"внедорожник 5 дв., гибрид2020 г., 3.5 л., вариаторруль слева, 33 796 км",$ 34 500,"<img alt=""Фото авто Lexus RX"" class=""lazy-image"" data-src=""https://im.mashina.kg/tachka/images//3/1/3/3130bf0cfe97abf2e8d4f3ef19d6dfa1_240x180.jpg"" title=""""/>"
Lexus RX,"внедорожник 5 дв., бензин2003 г., 3.3 л., автоматруль слева, 300 000 км",$ 12 800,"<img alt=""Фото авто Lexus RX"" class=""lazy-image"" data-src=""https://im.mashina.kg/tachka/images//c/f/b/cfbc2df698fb3f8692b446ba2fb83e48_240x180.jpg"" title=""""/>"
Lexus GX,"внедорожник 5 дв., бензин2020 г., 4.6 л., автоматруль слева, 85 295 км",$ 49 500,"<img alt=""Фото авто Lexus GX"" class=""lazy-image"" data-src=""https://im.mashina.kg/tachka/images//1/7/9/17901549d57dadfc204960244e24a069_240x180.jpg"" title=""""/>"
Lexus GX,"внедорожник 5 дв., бензин2022 г., 4.6 л., автоматруль слева, 2 897 км",$ 64 300,"<img alt=""Фото авто Lexus GX"" class=""lazy-image"" data-src=""https://im.mashina.kg/tachka/images//3/f/f/3ffcbad77ecefcd86442f2bd1a6123d5_240x180.jpg"" title=""""/>"
Lexus GX,"внедорожник 5 дв., бензин2022 г., 4.6 л., автоматруль слева, 483 км",$ 76 800,"<img alt=""Фото авто Lexus GX"" class=""lazy-image"" data-src=""https://im.mashina.kg/tachka/images//8/9/1/891ff9635f510d30499c5d2efe93cb20_240x180.jpg"" title=""""/>"
Lexus RX,"внедорожник 5 дв., бензин2017 г., 3.5 л., автоматруль слева, 52 555 км",$ 43 300,"<img alt=""Фото авто Lexus RX"" class=""lazy-image"" data-src=""https://im.mashina.kg/tachka/images//4/8/4/4843ffe2c58440429d5f5878baa13980_240x180.jpg"" title=""""/>"
Lexus RX,"внедорожник 5 дв., бензин2018 г., 3.5 л., автоматруль слева, 32 670 км",$ 29 400,"<img alt=""Фото авто Lexus RX"" class=""lazy-image"" data-src=""https://im.mashina.kg/tachka/images//0/3/9/039dcc04119ca1f543bf000269c25cee_240x180.jpg"" title=""""/>"
Lexus ES,"седан, гибрид2021 г., 2.5 л., вариаторруль слева, 38 624 км",$ 37 400,"<img alt=""Фото авто Lexus ES"" class=""lazy-image"" data-src=""https://im.mashina.kg/tachka/images//6/c/b/6cbae02babe77dd0ffe058aa156072f4_240x180.jpg"" title=""""/>"
Lexus GX,"внедорожник 5 дв., бензин2022 г., 4.6 л., автоматруль слева, 1 421 км",$ 65 000,"<img alt=""Фото авто Lexus GX"" class=""lazy-image"" data-src=""https://im.mashina.kg/tachka/images//d/4/9/d49798d6b5b0dacc83b682db97e0f525_240x180.jpg"" title=""""/>"
Lexus RX,"внедорожник 5 дв., гибрид2017 г., 3.5 л., вариаторруль слева, 131 966 км",$ 35 500,"<img alt=""Фото авто Lexus RX"" class=""lazy-image"" data-src=""https://im.mashina.kg/tachka/images//2/a/6/2a6acc05813a1c56d47695c456758fe9_240x180.jpg"" title=""""/>"
Lexus LS,"седан, бензин2007 г., 4.6 л., автоматруль слева, 135 000 км",$ 13 500,"<img alt=""Фото авто Lexus LS"" class=""lazy-image"" data-src=""https://im.mashina.kg/tachka/images//a/f/f/affbbcdf31912693e43d2cb9c146ffaf_240x180.jpg"" title=""""/>"
Lexus GX,"внедорожник 5 дв., бензин2017 г., 4.6 л., автоматруль слева, 90 123 км",$ 39 800,"<img alt=""Фото авто Lexus GX"" class=""lazy-image"" data-src=""https://im.mashina.kg/tachka/images//1/2/d/12dad4edf7a089ddb3646603d44ee2c3_240x180.jpg"" title=""""/>"
Lexus LX,"внедорожник 5 дв., бензин2018 г., 5.7 л., автоматруль слева, 59 546 км",$ 80 000,"<img alt=""Фото авто Lexus LX"" class=""lazy-image"" data-src=""https://im.mashina.kg/tachka/images//d/8/8/d88c058eb2097449a49567d2f940d3ea_240x180.jpg"" title=""""/>"
Lexus GX,"внедорожник 5 дв., бензин2006 г., 4.7 л., автоматруль слева, 169 000 км",$ 26 000,"<img alt=""Фото авто Lexus GX"" class=""lazy-image"" data-src=""https://im.mashina.kg/tachka/images//5/a/c/5aceb0c26e68f9fa6367327b72349999_240x180.jpg"" title=""""/>"
Lexus RX,"внедорожник 5 дв., гибрид2018 г., 3.5 л., вариаторруль слева, 65 983 км",$ 38 100,"<img alt=""Фото авто Lexus RX"" class=""lazy-image"" data-src=""https://im.mashina.kg/tachka/images//8/f/3/8f3af17c1733497ea0aa7610594fbdcb_240x180.jpg"" title=""""/>"
Lexus LX,"внедорожник 5 дв., бензин2019 г., 5.7 л., автоматруль слева, 74 834 км",$ 75 500,"<img alt=""Фото авто Lexus LX"" class=""lazy-image"" data-src=""https://im.mashina.kg/tachka/images//0/b/e/0be4e5cb11b426f3a52033bda001a870_240x180.jpg"" title=""""/>"
Lexus RX,"внедорожник 5 дв., гибрид2018 г., 3.5 л., вариаторруль слева, 39 912 км",$ 38 100,"<img alt=""Фото авто Lexus RX"" class=""lazy-image"" data-src=""https://im.mashina.kg/tachka/images//4/0/b/40bed114b041df55ba89084c88e7b3ba_240x180.jpg"" title=""""/>"
Lexus ES,"седан, бензин2002 г., 3 л., автоматруль слева, 185 000 км",$ 9 800,"<img alt=""Фото авто Lexus ES"" class=""lazy-image"" data-src=""https://im.mashina.kg/tachka/images//7/2/a/72a03ab61e1f97ef0b9f15e5209f3941_240x180.jpg"" title=""""/>"
Lexus RX,"внедорожник 5 дв., бензин2003 г., 3.3 л., автоматруль слева, 187 000 км",$ 15 100,"<img alt=""Фото авто Lexus RX"" class=""lazy-image"" data-src=""https://im.mashina.kg/tachka/images//5/f/c/5fc5d6ba00cae2ebef6c8008bab8a5bd_240x180.jpg"" title=""""/>"
Lexus GX,"внедорожник 5 дв., бензин2022 г., 4.6 л., автоматруль слева, 1 421 км",$ 58 200,"<img alt=""Фото авто Lexus GX"" class=""lazy-image"" data-src=""https://im.mashina.kg/tachka/images//e/1/3/e13ca7fb8573cb283ad3a463b64b553d_240x180.jpg"" title=""""/>"
Lexus LX,"внедорожник 5 дв., бензин2015 г., 5.7 л., автоматруль слева",$ 75 000,"<img alt=""Фото авто Lexus LX"" class=""lazy-image"" data-src=""https://im.mashina.kg/tachka/images//6/b/2/6b2087726dc4ce4077410ca7120e2931_240x180.jpg"" title=""""/>"
Lexus GS,"седан, бензин2018 г., 3.5 л., автоматруль слева, 5 364 км",$ 30 500,"<img alt=""Фото авто Lexus GS"" class=""lazy-image"" data-src=""https://im.mashina.kg/tachka/images//3/9/b/39bec6bdba952ca88361283417c9f1ae_240x180.jpg"" title=""""/>"
Lexus LX,"внедорожник 5 дв., бензин2014 г., 5.7 л., автоматруль слева, 88 000 км",$ 65 000,"<img alt=""Фото авто Lexus LX"" class=""lazy-image"" data-src=""https://im.mashina.kg/tachka/images//1/2/d/12da6e7b504fa4bb0c1b7de86f44f35b_240x180.jpg"" title=""""/>"
Lexus RX,"внедорожник 5 дв., бензин2006 г., 3.3 л., автоматруль слева, 185 615 км",$ 14 000,"<img alt=""Фото авто Lexus RX"" class=""lazy-image"" data-src=""https://im.mashina.kg/tachka/images//4/8/1/481ddd4894c960de085e1de3c3aa8c1b_240x180.jpg"" title=""""/>"
Lexus RX,"внедорожник 5 дв., бензин2008 г., 3.5 л., автоматруль слева, 240 000 км",$ 16 900,"<img alt=""Фото авто Lexus RX"" class=""lazy-image"" data-src=""https://im.mashina.kg/tachka/images//9/0/1/9012020a0ca41c1e0e3c20ab342b6a92_240x180.jpg"" title=""""/>"
Lexus NX,"внедорожник 5 дв., бензин2018 г., 2 л., автоматруль слева, 81 754 км",$ 26 500,"<img alt=""Фото авто Lexus NX"" class=""lazy-image"" data-src=""https://im.mashina.kg/tachka/images//a/1/8/a18d27a61ea94db08fa1a8512009f055_240x180.jpg"" title=""""/>"
Lexus GX,"внедорожник 5 дв., бензин2010 г., 4.6 л., автоматруль слева, 190 000 км",$ 31 800,"<img alt=""Фото авто Lexus GX"" class=""lazy-image"" data-src=""https://im.mashina.kg/tachka/images//5/0/d/50d6e9d5d7cbff314591be843ffc4fd7_240x180.jpg"" title=""""/>"
Lexus RX,"внедорожник 5 дв., бензин2016 г., 2 л., автоматруль слева, 50 000 км",$ 46 000,"<img alt=""Фото авто Lexus RX"" class=""lazy-image"" data-src=""https://im.mashina.kg/tachka/images//7/0/5/70574b55020a38ffba5dc44e955b96c2_240x180.jpg"" title=""""/>"
Lexus RX,"внедорожник 5 дв., бензин2017 г., 3.5 л., автоматруль слева, 103 000 км",$ 40 000,"<img alt=""Фото авто Lexus RX"" class=""lazy-image"" data-src=""https://im.mashina.kg/tachka/images//a/f/8/af8e226d269177497b7497eb4e490bdb_240x180.jpg"" title=""""/>"
Lexus IS,"седан, бензин2014 г., 2.5 л., автоматруль слева, 120 000 км",$ 27 500,"<img alt=""Фото авто Lexus IS"" class=""lazy-image"" data-src=""https://im.mashina.kg/tachka/images//2/7/6/276fe407acf5d179474591758d118e0f_240x180.jpg"" title=""""/>"
Lexus NX,"внедорожник 5 дв., гибрид2016 г., 2.5 л., вариаторруль слева, 127 100 км",$ 34 000,"<img alt=""Фото авто Lexus NX"" class=""lazy-image"" data-src=""https://im.mashina.kg/tachka/images//1/5/4/15432732a8046273a9ac067dc91aeb3e_240x180.jpg"" title=""""/>"
Lexus NX,"внедорожник 5 дв., бензин2017 г., 2 л., автоматруль слева, 13 518 км",$ 20 500,"<img alt=""Фото авто Lexus NX"" class=""lazy-image"" data-src=""https://im.mashina.kg/tachka/images//d/3/a/d3ae7bda70216de47464c56af9d21ffe_240x180.jpg"" title=""""/>"
Lexus RX,"внедорожник 5 дв., гибрид2019 г., 3.5 л., вариаторруль слева, 178 637 км",$ 52 000,"<img alt=""Фото авто Lexus RX"" class=""lazy-image"" data-src=""https://im.mashina.kg/tachka/images//6/1/a/61aae434581ef88acb13f2c7a6c94636_240x180.jpg"" title=""""/>"
Lexus ES,"седан, гибрид2018 г., 2.5 л., вариаторруль слева, 39 751 км",$ 25 400,"<img alt=""Фото авто Lexus ES"" class=""lazy-image"" data-src=""https://im.mashina.kg/tachka/images//6/4/1/641c05be521729357104e133c00d7216_240x180.jpg"" title=""""/>"
Lexus RX,"внедорожник 5 дв., гибрид2021 г., 3.5 л., вариаторруль слева, 20 760 км",$ 51 900,"<img alt=""Фото авто Lexus RX"" class=""lazy-image"" data-src=""https://im.mashina.kg/tachka/images//1/6/3/163a31f82f66dd2e551f7ba07c44f91a_240x180.jpg"" title=""""/>"
Lexus ES,"седан, гибрид2017 г., 2.5 л., вариаторруль слева, 89 640 км",$ 23 500,"<img alt=""Фото авто Lexus ES"" class=""lazy-image"" data-src=""https://im.mashina.kg/tachka/images//d/2/4/d242154aff79c89daf7ab3d4b2381ac1_240x180.jpg"" title=""""/>"
Lexus RX,"внедорожник 5 дв., бензин2013 г., 3.5 л., автоматруль слева, 100 000 км",$ 33 500,"<img alt=""Фото авто Lexus RX"" class=""lazy-image"" data-src=""https://im.mashina.kg/tachka/images//9/8/e/98ef700a864906a4e534f1db5603e6ab_240x180.jpg"" title=""""/>"
Lexus LX,"внедорожник 5 дв., бензин2020 г., 5.7 л., автоматруль слева, 60 994 км",$ 70 300,"<img alt=""Фото авто Lexus LX"" class=""lazy-image"" data-src=""https://im.mashina.kg/tachka/images//7/0/9/709de15e25326a737b2154003b4bee64_240x180.jpg"" title=""""/>"
Lexus LC,"купе, бензин2018 г., 5 л., автоматруль слева, 36 532 км",$ 54 400,"<img alt=""Фото авто Lexus LC"" class=""lazy-image"" data-src=""https://im.mashina.kg/tachka/images//a/7/e/a7e2ceea5a47ca510875c6f315bd7211_240x180.jpg"" title=""""/>"
Lexus RX,"внедорожник 5 дв., бензин2016 г., 3.5 л., автоматруль слева, 65 000 км",$ 47 000,"<img alt=""Фото авто Lexus RX"" class=""lazy-image"" data-src=""https://im.mashina.kg/tachka/images//1/a/0/1a07ca68efe4fd82055a7a38ce054abd_240x180.jpg"" title=""""/>"
Lexus NX,"внедорожник 5 дв., гибрид2018 г., 2.5 л., вариаторруль слева, 30 738 км",$ 25 100,"<img alt=""Фото авто Lexus NX"" class=""lazy-image"" data-src=""https://im.mashina.kg/tachka/images//6/1/f/61f39f19d30496c7027eb75704cdad39_240x180.jpg"" title=""""/>"
Lexus ES,"седан, гибрид2016 г., 2.5 л., вариаторруль слева, 170 000 км",$ 32 000,"<img alt=""Фото авто Lexus ES"" class=""lazy-image"" data-src=""https://im.mashina.kg/tachka/images//f/8/d/f8da612faae379c7029fe192d037bd58_240x180.jpg"" title=""""/>"
Lexus RX,"внедорожник 5 дв., гибрид2018 г., 3.5 л., вариаторруль слева, 65 178 км",$ 39 200,"<img alt=""Фото авто Lexus RX"" class=""lazy-image"" data-src=""https://im.mashina.kg/tachka/images//3/0/b/30be8a8ac69a86c6f4313709dd7be0c0_240x180.jpg"" title=""""/>"
Lexus GX,"внедорожник 5 дв., бензин2007 г., 4.7 л., автоматруль слева, 250 000 км",$ 29 300,"<img alt=""Фото авто Lexus GX"" class=""lazy-image"" data-src=""https://im.mashina.kg/tachka/images//9/7/8/978c4cbe734b195557bade94d36cfc0d_240x180.jpg"" title=""""/>"
Lexus GX,"внедорожник 5 дв., бензин2021 г., 4.6 л., автоматруль слева, 3 701 км",$ 70 300,"<img alt=""Фото авто Lexus GX"" class=""lazy-image"" data-src=""https://im.mashina.kg/tachka/images//d/c/0/dc0b73e9d17a2da13b0e2070b4017585_240x180.jpg"" title=""""/>"
Lexus ES,"седан, гибрид2019 г., 2.5 л., вариаторруль слева, 92 537 км",$ 28 700,"<img alt=""Фото авто Lexus ES"" class=""lazy-image"" data-src=""https://im.mashina.kg/tachka/images//3/9/3/39393ed5eeb75e5a882e0d114a1228c2_240x180.jpg"" title=""""/>"
Lexus RX,"внедорожник 5 дв., гибрид2005 г., 3.3 л., вариаторруль слева, 166 000 км",$ 19 500,"<img alt=""Фото авто Lexus RX"" class=""lazy-image"" data-src=""https://im.mashina.kg/tachka/images//c/2/b/c2b76335ef0e4393b55449b8aa14d724_240x180.jpg"" title=""""/>"
Lexus RX,"внедорожник 5 дв., гибрид2022 г., 2.4 л., автоматруль слева, 26 км",$ 75 000,"<img alt=""Фото авто Lexus RX"" class=""lazy-image"" data-src=""https://im.mashina.kg/tachka/images//3/8/5/3850811e26ba4f8987d6adfde8fe0f90_240x180.jpg"" title=""""/>"
Lexus RX,"внедорожник 5 дв., бензин2017 г., 3.5 л., автоматруль слева, 80 000 км",$ 45 000,"<img alt=""Фото авто Lexus RX"" class=""lazy-image"" data-src=""https://im.mashina.kg/tachka/images//7/f/8/7f8b9f31da00ef5d00938b31569eaf9d_240x180.jpg"" title=""""/>"
Lexus GX,"внедорожник 5 дв., бензин2021 г., 4.6 л., автоматруль слева, 19 473 км",$ 67 700,"<img alt=""Фото авто Lexus GX"" class=""lazy-image"" data-src=""https://im.mashina.kg/tachka/images//8/a/4/8a48dcfcf0390095985b64f5e9f3821a_240x180.jpg"" title=""""/>"
Lexus ES,"седан, гибрид2014 г., 2.5 л., вариаторруль слева, 120 000 км",$ 25 000,"<img alt=""Фото авто Lexus ES"" class=""lazy-image"" data-src=""https://im.mashina.kg/tachka/images//3/5/f/35faf60542fb6f39719f2aac5cd52501_240x180.jpg"" title=""""/>"
Lexus RX,"внедорожник 5 дв., бензин1999 г., 3 л., автоматруль слева, 280 000 км",$ 7 500,"<img alt=""Фото авто Lexus RX"" class=""lazy-image"" data-src=""https://im.mashina.kg/tachka/images//0/b/e/0bec92689e104d4a7b778f2910b6c4e1_240x180.jpg"" title=""""/>"
Lexus ES,"седан, бензин2017 г., 3.5 л., автоматруль слева, 61 477 км",$ 25 000,"<img alt=""Фото авто Lexus ES"" class=""lazy-image"" data-src=""https://im.mashina.kg/tachka/images//b/e/e/beeae7ed9a32a4561dd13ecc0a0818b2_240x180.jpg"" title=""""/>"
Lexus GX,"внедорожник 5 дв., бензин2007 г., 4.7 л., автоматруль слева, 128 658 км",$ 30 500,"<img alt=""Фото авто Lexus GX"" class=""lazy-image"" data-src=""https://im.mashina.kg/tachka/images//4/5/c/45c0ad0a06a4a87321837b391d3c6a35_240x180.jpg"" title=""""/>"
Lexus IS,"седан, бензин2017 г., 2 л., автоматруль слева, 67 500 км",$ 20 680,"<img alt=""Фото авто Lexus IS"" class=""lazy-image"" data-src=""https://im.mashina.kg/tachka/images//5/e/d/5ed24a0f5c067ba9cd7ecc4a8b033340_240x180.jpg"" title=""""/>"
Lexus RX,"внедорожник 5 дв., гибрид2017 г., 3.5 л., вариаторруль слева, 95 626 км",$ 46 580,"<img alt=""Фото авто Lexus RX"" class=""lazy-image"" data-src=""https://im.mashina.kg/tachka/images//c/b/8/cb81123c84fcf312b046928023b97452_240x180.jpg"" title=""""/>"
Lexus LX,"внедорожник 5 дв., бензин2012 г., 5.7 л., автоматруль слева, 250 000 км",$ 49 500,"<img alt=""Фото авто Lexus LX"" class=""lazy-image"" data-src=""https://im.mashina.kg/tachka/images//9/2/3/923802a7898ad24973517a44cb5aff58_240x180.jpg"" title=""""/>"
Lexus RX,"внедорожник 5 дв., бензин2004 г., 3.3 л., автоматруль слева, 164 000 км",$ 14 200,"<img alt=""Фото авто Lexus RX"" class=""lazy-image"" data-src=""https://im.mashina.kg/tachka/images//7/7/0/770f937140625f6b1ac5cddd57621a65_240x180.jpg"" title=""""/>"
Lexus RX,"внедорожник 5 дв., бензин2013 г., 3.5 л., автоматруль слева, 160 000 км",$ 34 000,"<img alt=""Фото авто Lexus RX"" class=""lazy-image"" data-src=""https://im.mashina.kg/tachka/images//3/c/3/3c36a241ede5a6492b249d2ddbe0daaf_240x180.jpg"" title=""""/>"
Lexus GX,"внедорожник 5 дв., бензин2013 г., 4.6 л., автоматруль слева, 123 000 км",$ 33 200,"<img alt=""Фото авто Lexus GX"" class=""lazy-image"" data-src=""https://im.mashina.kg/tachka/images//d/e/6/de6984248a90797053b4c1c103d2c10c_240x180.jpg"" title=""""/>"
Lexus LX,"внедорожник 5 дв., бензин2012 г., 5.7 л., автоматруль слева, 189 000 км",$ 48 800,"<img alt=""Фото авто Lexus LX"" class=""lazy-image"" data-src=""https://im.mashina.kg/tachka/images//f/7/f/f7fb821f25de7675cec63cf3d0491416_240x180.jpg"" title=""""/>"
Lexus ES,"седан, гибрид2018 г., 2.5 л., вариаторруль слева, 146 000 км",$ 28 800,"<img alt=""Фото авто Lexus ES"" class=""lazy-image"" data-src=""https://im.mashina.kg/tachka/images//8/2/c/82c10ff05c09e829d2d21276964a3ba2_240x180.jpg"" title=""""/>"
Lexus RX,"внедорожник 5 дв., бензин2018 г., 2 л., автоматруль слева, 65 142 км",$ 39 500,"<img alt=""Фото авто Lexus RX"" class=""lazy-image"" data-src=""https://im.mashina.kg/tachka/images//8/2/8/828a5375ff8105ca1f1afea623e0c449_240x180.jpg"" title=""""/>"
Lexus GX,"внедорожник 5 дв., бензин2005 г., 4.7 л., автоматруль слева, 175 000 км",$ 22 500,"<img alt=""Фото авто Lexus GX"" class=""lazy-image"" data-src=""https://im.mashina.kg/tachka/images//3/e/2/3e2c57249b308454d7ad790a16e0a543_240x180.jpg"" title=""""/>"
Lexus ES,"седан, бензин2002 г., 3 л., автоматруль слева, 180 000 км",$ 9 999,"<img alt=""Фото авто Lexus ES"" class=""lazy-image"" data-src=""https://im.mashina.kg/tachka/images//a/2/7/a27c786fa70383888da4a6d4968ba42b_240x180.jpg"" title=""""/>"
Lexus NX,"внедорожник 5 дв., бензин2016 г., 2 л., автоматруль слева, 270 000 км",$ 28 300,"<img alt=""Фото авто Lexus NX"" class=""lazy-image"" data-src=""https://im.mashina.kg/tachka/images//9/d/f/9df197b5cbf0fcfb513e61a33c5dea4b_240x180.jpg"" title=""""/>"
Lexus GX,"внедорожник 5 дв., бензин2010 г., 4.6 л., автоматруль слева, 78 000 км",$ 35 000,"<img alt=""Фото авто Lexus GX"" class=""lazy-image"" data-src=""https://im.mashina.kg/tachka/images//5/8/d/58d462d5a94ed6270e0e07958c2fb087_240x180.jpg"" title=""""/>"
Lexus ES,"седан, бензин2009 г., 3.5 л., автоматруль слева, 200 000 км",$ 14 300,"<img alt=""Фото авто Lexus ES"" class=""lazy-image"" data-src=""https://im.mashina.kg/tachka/images//2/c/9/2c95682846d33174dadb88334ebe849d_240x180.jpg"" title=""""/>"
Lexus GX,"внедорожник 5 дв., бензин2010 г., 4.6 л., автоматруль слева, 260 000 км",$ 36 500,"<img alt=""Фото авто Lexus GX"" class=""lazy-image"" data-src=""https://im.mashina.kg/tachka/images//1/9/2/192f083ec677d1c9e8437e5175e9a5f6_240x180.jpg"" title=""""/>"
Lexus ES,"седан, гибрид2015 г., 2.5 л., вариаторруль слева, 132 000 км",$ 27 000,"<img alt=""Фото авто Lexus ES"" class=""lazy-image"" data-src=""https://im.mashina.kg/tachka/images//1/3/8/13899c593289d97d25000cc21f065fea_240x180.jpg"" title=""""/>"
Lexus RX,"внедорожник 5 дв., бензин2005 г., 3.3 л., автоматруль слева, 177 000 км",$ 16 500,"<img alt=""Фото авто Lexus RX"" class=""lazy-image"" data-src=""https://im.mashina.kg/tachka/images//6/0/6/6061166aa32bca01ccee320e67cedb63_240x180.jpg"" title=""""/>"
Lexus GX,"внедорожник 5 дв., бензин2005 г., 4.7 л., автоматруль слева, 20 000 км",$ 24 500,"<img alt=""Фото авто Lexus GX"" class=""lazy-image"" data-src=""https://im.mashina.kg/tachka/images//6/1/a/61a00525a179edc037f7d262ab52e7e4_240x180.jpg"" title=""""/>"
Lexus GX,"внедорожник 5 дв., бензин2005 г., 4.7 л., автоматруль слева, 23 397 км",$ 23 999,"<img alt=""Фото авто Lexus GX"" class=""lazy-image"" data-src=""https://im.mashina.kg/tachka/images//b/b/4/bb4e4915aa63c84020fcceee51166ee8_240x180.jpg"" title=""""/>"
Lexus ES,"седан, гибрид2019 г., 2.5 л., вариаторруль слева, 74 000 км",$ 43 999,"<img alt=""Фото авто Lexus ES"" class=""lazy-image"" data-src=""https://im.mashina.kg/tachka/images//9/d/6/9d6b8692e2e4278c2076ee2f0b8e669d_240x180.jpg"" title=""""/>"
Lexus LS,"седан, бензин2002 г., 4.3 л., автоматруль слева, 290 000 км",$ 9 500,"<img alt=""Фото авто Lexus LS"" class=""lazy-image"" data-src=""https://im.mashina.kg/tachka/images//f/0/e/f0ec6fe414b141cc97607182794d7998_240x180.jpg"" title=""""/>"
Lexus RX,"внедорожник 5 дв., гибрид2018 г., 3.5 л., вариаторруль слева, 89 000 км",$ 59 900,"<img alt=""Фото авто Lexus RX"" class=""lazy-image"" data-src=""https://im.mashina.kg/tachka/images//8/1/5/8159d2230eafcce06080c291c25a17f6_240x180.jpg"" title=""""/>"
Lexus ES,"седан, гибрид2017 г., 2.5 л., вариаторруль слева, 118 000 км",$ 31 500,"<img alt=""Фото авто Lexus ES"" class=""lazy-image"" data-src=""https://im.mashina.kg/tachka/images//a/8/5/a85c721506db6d057f0ce00e032a5207_240x180.jpg"" title=""""/>"
Lexus RX,"внедорожник 5 дв., бензин2003 г., 3.3 л., автоматруль слева, 135 000 км",$ 13 500,"<img alt=""Фото авто Lexus RX"" class=""lazy-image"" data-src=""https://im.mashina.kg/tachka/images//4/8/4/484e9c25e06c87e6ffdadffe0e0175df_240x180.jpg"" title=""""/>"
Lexus RX,"внедорожник 5 дв., гибрид2021 г., 3.5 л., вариаторруль слева, 29 500 км",$ 79 500,"<img alt=""Фото авто Lexus RX"" class=""lazy-image"" data-src=""https://im.mashina.kg/tachka/images//0/7/d/07d31188f5676aea73a3d5bc236df7cd_240x180.jpg"" title=""""/>"
Lexus RX,"внедорожник 5 дв., бензин2004 г., 3 л., автоматруль слева, 283 481 км",$ 14 800,"<img alt=""Фото авто Lexus RX"" class=""lazy-image"" data-src=""https://im.mashina.kg/tachka/images//9/5/3/953a11d5181314d0688ad24192c4d26b_240x180.jpg"" title=""""/>"
Lexus GS,"седан, бензин2006 г., 3 л., автоматруль справа, 200 000 км",$ 8 800,"<img alt=""Фото авто Lexus GS"" class=""lazy-image"" data-src=""https://im.mashina.kg/tachka/images//1/6/6/1661f079675f259f4cd0b8b3a653d4b7_240x180.jpg"" title=""""/>"
Lexus GX,"внедорожник 5 дв., бензин2005 г., 4.7 л., автоматруль слева, 160 000 км",$ 24 000,"<img alt=""Фото авто Lexus GX"" class=""lazy-image"" data-src=""https://im.mashina.kg/tachka/images//b/0/b/b0b0d39bcb4cb33d1bec53458145d30d_240x180.jpg"" title=""""/>"
Lexus GX,"внедорожник 5 дв., бензин2021 г., 4.6 л., автоматруль слева, 14 000 км",$ 110 000,"<img alt=""Фото авто Lexus GX"" class=""lazy-image"" data-src=""https://im.mashina.kg/tachka/images//0/e/3/0e334714fc1702473e9e436095892bef_240x180.jpg"" title=""""/>"
Lexus GX,"внедорожник 5 дв., бензин2007 г., 4.7 л., автоматруль слева, 143 000 км",$ 29 500,"<img alt=""Фото авто Lexus GX"" class=""lazy-image"" data-src=""https://im.mashina.kg/tachka/images//3/9/1/391c2f33f518a921edf6ddea4bc9f471_240x180.jpg"" title=""""/>"
Lexus GS,"седан, бензин2003 г., 3 л., автоматруль слева, 140 000 км",$ 10 000,"<img alt=""Фото авто Lexus GS"" class=""lazy-image"" data-src=""https://im.mashina.kg/tachka/images//c/f/6/cf69aedc0a370c99f4874ab9a678262f_240x180.jpg"" title=""""/>"
Lexus ES,"седан, гибрид2018 г., 2.5 л., вариаторруль слева, 80 000 км",$ 42 500,"<img alt=""Фото авто Lexus ES"" class=""lazy-image"" data-src=""https://im.mashina.kg/tachka/images//3/a/f/3af66be5054df77c00db2788e0879078_240x180.jpg"" title=""""/>"
Lexus RX,"внедорожник 5 дв., бензин2008 г., 3.5 л., автоматруль слева, 156 000 км",$ 18 900,"<img alt=""Фото авто Lexus RX"" class=""lazy-image"" data-src=""https://im.mashina.kg/tachka/images//7/c/1/7c1788ad8001b807113342322caf35c1_240x180.jpg"" title=""""/>"
Lexus RX,"внедорожник 5 дв., бензин2009 г., 3.5 л., автоматруль слева, 110 000 км",$ 21 700,"<img alt=""Фото авто Lexus RX"" class=""lazy-image"" data-src=""https://im.mashina.kg/tachka/images//b/a/8/ba81e1c56f7407856ca38989b735dc5d_240x180.jpg"" title=""""/>"
Lexus RX,"внедорожник 5 дв., гибрид2017 г., 3.5 л., вариаторруль слева, 85 000 км",$ 59 500,"<img alt=""Фото авто Lexus RX"" class=""lazy-image"" data-src=""https://im.mashina.kg/tachka/images//b/1/1/b1195fee5ac3dda09b7445ccc406dd04_240x180.jpg"" title=""""/>"
Lexus RX,"внедорожник 5 дв., бензин2016 г., 3.5 л., автоматруль слева, 10 000 км",$ 41 800,"<img alt=""Фото авто Lexus RX"" class=""lazy-image"" data-src=""https://im.mashina.kg/tachka/images//c/3/0/c30e537b63eb09bddda997b786d47e43_240x180.jpg"" title=""""/>"
Lexus LX,"внедорожник 5 дв., бензин2010 г., 5.7 л., автоматруль слева, 180 000 км",$ 41 800,"<img alt=""Фото авто Lexus LX"" class=""lazy-image"" data-src=""https://im.mashina.kg/tachka/images//6/d/c/6dca38939ac7299f3c957a49eb0bcf28_240x180.jpg"" title=""""/>"
Lexus RX,"внедорожник 5 дв., бензин2008 г., 3.5 л., автоматруль слева, 235 000 км",$ 16 500,"<img alt=""Фото авто Lexus RX"" class=""lazy-image"" data-src=""https://im.mashina.kg/tachka/images//a/0/4/a04e7390b3a15a0906d556649cda999e_240x180.jpg"" title=""""/>"
Lexus GX,"внедорожник 5 дв., бензин2004 г., 4.7 л., автоматруль слева, 20 000 км",$ 22 500,"<img alt=""Фото авто Lexus GX"" class=""lazy-image"" data-src=""https://im.mashina.kg/tachka/images//a/3/e/a3e1753fbb95f53511be49553daf973f_240x180.jpg"" title=""""/>"
Lexus GX,"внедорожник 5 дв., бензин2005 г., 4.7 л., автоматруль слева, 165 000 км",$ 25 000,"<img alt=""Фото авто Lexus GX"" class=""lazy-image"" data-src=""https://im.mashina.kg/tachka/images//d/c/1/dc16bd4781bd652a814baa2a48629a00_240x180.jpg"" title=""""/>"
Lexus LX,"внедорожник 5 дв., бензин2012 г., 5.7 л., автоматруль слева, 130 000 км",$ 59 500,"<img alt=""Фото авто Lexus LX"" class=""lazy-image"" data-src=""https://im.mashina.kg/tachka/images//2/1/3/2136538b921aab3640ddb9b67212b1a9_240x180.jpg"" title=""""/>"
Lexus LX,"внедорожник 5 дв., бензин2018 г., 5.7 л., автоматруль слева, 62 000 км",$ 105 000,"<img alt=""Фото авто Lexus LX"" class=""lazy-image"" data-src=""https://im.mashina.kg/tachka/images//9/8/d/98d239cea0668dbc25858c04afe57b71_240x180.jpg"" title=""""/>"
Lexus ES,"седан, гибрид2017 г., 2.5 л., вариаторруль слева, 120 000 км",$ 32 500,"<img alt=""Фото авто Lexus ES"" class=""lazy-image"" data-src=""https://im.mashina.kg/tachka/images//f/3/a/f3a270b2d5ef8ac1ca5edad07193c1c3_240x180.jpg"" title=""""/>"
Lexus RX,"внедорожник 5 дв., бензин2017 г., 3.5 л., автоматруль слева, 98 000 км",$ 45 000,"<img alt=""Фото авто Lexus RX"" class=""lazy-image"" data-src=""https://im.mashina.kg/tachka/images//d/7/d/d7d157e48add0d0fe600eed8ab9849b2_240x180.jpg"" title=""""/>"
Lexus GX,"внедорожник 5 дв., бензин2015 г., 4.6 л., автоматруль слева, 136 000 км",$ 45 000,"<img alt=""Фото авто Lexus GX"" class=""lazy-image"" data-src=""https://im.mashina.kg/tachka/images//6/d/c/6dc2f3605a808a6d271be2481a13152b_240x180.jpg"" title=""""/>"
Lexus GX,"внедорожник 5 дв., бензин2008 г., 4.7 л., автоматруль слева, 148 000 км",$ 33 800,"<img alt=""Фото авто Lexus GX"" class=""lazy-image"" data-src=""https://im.mashina.kg/tachka/images//3/f/2/3f261d1e8f3dd3b1231498267524f219_240x180.jpg"" title=""""/>"
Lexus RX,"внедорожник 5 дв., бензин2010 г., 3.5 л., автоматруль слева, 160 000 км",$ 26 000,"<img alt=""Фото авто Lexus RX"" class=""lazy-image"" data-src=""https://im.mashina.kg/tachka/images//d/b/2/db2a894dceec3432901d743472c465a7_240x180.jpg"" title=""""/>"
Lexus RX,"внедорожник 5 дв., бензин2021 г., 3.5 л., автоматруль слева, 15 000 км",$ 63 000,"<img alt=""Фото авто Lexus RX"" class=""lazy-image"" data-src=""https://im.mashina.kg/tachka/images//c/3/a/c3af71b6fc6a7767b2047811b64e27d4_240x180.jpg"" title=""""/>"
Lexus GX,"внедорожник 5 дв., бензин2008 г., 4.7 л., автоматруль слева, 150 000 км",$ 28 900,"<img alt=""Фото авто Lexus GX"" class=""lazy-image"" data-src=""https://im.mashina.kg/tachka/images//4/2/c/42ce432a3179d2e21c267deb8da7d7f3_240x180.jpg"" title=""""/>"
Lexus ES,"седан, гибрид2016 г., 2.5 л., вариаторруль слева, 140 000 км",$ 29 900,"<img alt=""Фото авто Lexus ES"" class=""lazy-image"" data-src=""https://im.mashina.kg/tachka/images//4/d/c/4dccf72feb03038abb73c48a01150417_240x180.jpg"" title=""""/>"
Lexus RX,"внедорожник 5 дв., бензин2016 г., 3.5 л., автоматруль слева, 146 000 км",$ 42 900,"<img alt=""Фото авто Lexus RX"" class=""lazy-image"" data-src=""https://im.mashina.kg/tachka/images//c/7/8/c782a0572c0fcd311419ecd3b7d200c1_240x180.jpg"" title=""""/>"
Lexus GX,"внедорожник 5 дв., бензин2016 г., 4.6 л., автоматруль слева, 725 000 км",$ 47 500,"<img alt=""Фото авто Lexus GX"" class=""lazy-image"" data-src=""https://im.mashina.kg/tachka/images//1/f/d/1fd1ca0a61ed237809cf2c7836dbdaba_240x180.jpg"" title=""""/>"
Lexus RX,"внедорожник 5 дв., бензин2006 г., 3.3 л., автоматруль слева, 2 885 км",$ 13 500,"<img alt=""Фото авто Lexus RX"" class=""lazy-image"" data-src=""https://im.mashina.kg/tachka/images//e/4/1/e413ec16ef1d72d735b8dc493f5356d2_240x180.jpg"" title=""""/>"
Lexus RX,"внедорожник 5 дв., гибрид2006 г., 3.3 л., вариаторруль слева, 200 000 км",$ 16 500,"<img alt=""Фото авто Lexus RX"" class=""lazy-image"" data-src=""https://im.mashina.kg/tachka/images//7/c/d/7cdc255f9d679fdab0720adf331034a6_240x180.jpg"" title=""""/>"
Lexus RX,"внедорожник 5 дв., бензин2007 г., 3.5 л., автоматруль слева, 140 000 км",$ 17 000,"<img alt=""Фото авто Lexus RX"" class=""lazy-image"" data-src=""https://im.mashina.kg/tachka/images//c/6/8/c6814aef2d8ea3b780fe2df37450c5eb_240x180.jpg"" title=""""/>"
Lexus LX,"внедорожник 5 дв., бензин2017 г., 5.7 л., автоматруль слева, 102 000 км",$ 88 000,"<img alt=""Фото авто Lexus LX"" class=""lazy-image"" data-src=""https://im.mashina.kg/tachka/images//2/8/f/28f1ec60e2d1cc2e7657d26825ecac9d_240x180.jpg"" title=""""/>"
Lexus GX,"внедорожник 5 дв., бензин2008 г., 4.7 л., автоматруль слева, 139 200 км",$ 29 000,"<img alt=""Фото авто Lexus GX"" class=""lazy-image"" data-src=""https://im.mashina.kg/tachka/images//8/1/f/81fee95a24f5d0d63f714f245127c624_240x180.jpg"" title=""""/>"
Lexus ES,"седан, бензин2010 г., 3.5 л., автоматруль слева, 160 000 км",$ 17 000,"<img alt=""Фото авто Lexus ES"" class=""lazy-image"" data-src=""https://im.mashina.kg/tachka/images//b/5/3/b53ef4fc9e287f48e049f837c8857ec0_240x180.jpg"" title=""""/>"
Lexus RX,"внедорожник 5 дв., бензин2011 г., 3.5 л., автоматруль слева, 152 000 км",$ 26 500,"<img alt=""Фото авто Lexus RX"" class=""lazy-image"" data-src=""https://im.mashina.kg/tachka/images//b/0/4/b04efc5db689033936836cf27713b0c8_240x180.jpg"" title=""""/>"
Lexus ES,"седан, бензин2013 г., 3.5 л., автоматруль слева, 120 100 км",$ 27 200,"<img alt=""Фото авто Lexus ES"" class=""lazy-image"" data-src=""https://im.mashina.kg/tachka/images//2/f/c/2fcfdd840819aa379810fb61ceeae719_240x180.jpg"" title=""""/>"
Lexus LX,"внедорожник 5 дв., бензин2008 г., 5.7 л., автоматруль слева",$ 38 000,"<img alt=""Фото авто Lexus LX"" class=""lazy-image"" data-src=""https://im.mashina.kg/tachka/images//8/5/e/85e48fe265cef1007044507d7c106683_240x180.jpg"" title=""""/>"
Lexus ES,"седан, гибрид2016 г., 2.5 л., вариаторруль слева, 156 000 км",$ 32 000,"<img alt=""Фото авто Lexus ES"" class=""lazy-image"" data-src=""https://im.mashina.kg/tachka/images//2/d/7/2d7180324de35e7e9d1de6226f171758_240x180.jpg"" title=""""/>"
Lexus NX,"внедорожник 5 дв., гибрид2017 г., 2.5 л., вариаторруль слева, 120 000 км",$ 39 900,"<img alt=""Фото авто Lexus NX"" class=""lazy-image"" data-src=""https://im.mashina.kg/tachka/images//d/b/c/dbccc0800af7229507724e308ca86431_240x180.jpg"" title=""""/>"
Lexus RX,"внедорожник 5 дв., гибрид2012 г., 3.5 л., вариаторруль слева, 248 000 км",$ 30 500,"<img alt=""Фото авто Lexus RX"" class=""lazy-image"" data-src=""https://im.mashina.kg/tachka/images//a/9/d/a9d8b699d34e7ab2a794abd2046da2b0_240x180.jpg"" title=""""/>"
Lexus GS,"седан, бензин2008 г., 3.5 л., автоматруль слева, 200 000 км",$ 11 327,"<img alt=""Фото авто Lexus GS"" class=""lazy-image"" data-src=""https://im.mashina.kg/tachka/images//c/0/f/c0f7562a1a5e18e0d510cbb6f156c9cd_240x180.jpg"" title=""""/>"
Lexus RX,"внедорожник 5 дв., бензин2002 г., 3 л., автоматруль слева, 265 000 км",$ 10 200,"<img alt=""Фото авто Lexus RX"" class=""lazy-image"" data-src=""https://im.mashina.kg/tachka/images//9/7/4/974b963b1dc4ba4b6a1c1c5efe4b5d24_240x180.jpg"" title=""""/>"
Lexus LX,"внедорожник 5 дв., бензин2006 г., 4.7 л., автоматруль слева, 217 000 км",$ 26 500,"<img alt=""Фото авто Lexus LX"" class=""lazy-image"" data-src=""https://im.mashina.kg/tachka/images//9/2/8/92878575b3641250fb834231959d0222_240x180.jpg"" title=""""/>"
Lexus RX,"внедорожник 5 дв., бензин2007 г., 3.5 л., автоматруль слева, 150 000 км",$ 17 300,"<img alt=""Фото авто Lexus RX"" class=""lazy-image"" data-src=""https://im.mashina.kg/tachka/images//4/8/9/48980ce2009ab22d1fbaa1b158a3c457_240x180.jpg"" title=""""/>"
Lexus GX,"внедорожник 5 дв., бензин2008 г., 4.7 л., автоматруль слева, 180 000 км",$ 28 000,"<img alt=""Фото авто Lexus GX"" class=""lazy-image"" data-src=""https://im.mashina.kg/tachka/images//b/6/4/b6442a54371da3975e708bc903edad88_240x180.jpg"" title=""""/>"
Lexus GX,"внедорожник 5 дв., бензин2008 г., 4.7 л., автоматруль слева, 142 300 км",$ 30 500,"<img alt=""Фото авто Lexus GX"" class=""lazy-image"" data-src=""https://im.mashina.kg/tachka/images//9/c/5/9c54e2989f0e420a790c9dc505a22c8e_240x180.jpg"" title=""""/>"
Lexus RX,"внедорожник 5 дв., гибрид2011 г., 3.5 л., вариаторруль слева, 150 000 км",$ 28 000,"<img alt=""Фото авто Lexus RX"" class=""lazy-image"" data-src=""https://im.mashina.kg/tachka/images//5/2/7/527027cce342ecd2f217333cbabfc94c_240x180.jpg"" title=""""/>"
Lexus ES,"седан, гибрид2018 г., 2.5 л., вариаторруль слева, 72 995 км",$ 38 236,"<img alt=""Фото авто Lexus ES"" class=""lazy-image"" data-src=""https://im.mashina.kg/tachka/images//e/f/a/efa9742c81f7f4803ccae599ab9f11aa_240x180.jpg"" title=""""/>"
Lexus RX,"внедорожник 5 дв., бензин2004 г., 3 л., автоматруль слева, 170 000 км",$ 13 700,"<img alt=""Фото авто Lexus RX"" class=""lazy-image"" data-src=""https://im.mashina.kg/tachka/images//e/1/e/e1e8446c05721252374df352071047b3_240x180.jpg"" title=""""/>"
Lexus LX,"внедорожник 5 дв., бензин2008 г., 5.7 л., автоматруль слева, 214 000 км",$ 36 500,"<img alt=""Фото авто Lexus LX"" class=""lazy-image"" data-src=""https://im.mashina.kg/tachka/images//4/d/e/4deaf1a4fe3205293dc61f32bd229666_240x180.jpg"" title=""""/>"
Lexus ES,"седан, гибрид2012 г., 2.5 л., вариаторруль слева, 120 000 км",$ 21 000,"<img alt=""Фото авто Lexus ES"" class=""lazy-image"" data-src=""https://im.mashina.kg/tachka/images//a/2/d/a2d46d8856ab2d500c6053337230ec24_240x180.jpg"" title=""""/>"
